outer_x,outer_y,outer_z,inner_x,inner_y,inner_z,initial_x,initial_y,initial_z,initial_position
604829.6094,5805362.477,5.094589584,604838.3065,5805359.081,5.110173524,604832.319,5805361.419,5.0994447,0.311546139
604837.2078,5805381.977,5.109051064,604845.929,5805378.57,5.13088443,604839.9327,5805380.912,5.115872922,0.312451047
604844.901,5805401.715,5.136541666,604853.6458,5805398.3,5.156721158,604847.6405,5805400.645,5.142863434,0.31327683
604852.6852,5805421.691,5.132406423,604861.4543,5805418.266,5.146402626,604855.4409,5805420.615,5.136804766,0.314252423
604860.5631,5805441.905,5.11713171,604869.3558,5805438.47,5.128379888,604863.334,5805440.822,5.120676466,0.315140749
604868.5308,5805462.351,5.129032951,604877.3489,5805458.905,5.13157975,604871.3187,5805461.261,5.129838145,0.316159706
604876.5883,5805483.025,5.131510969,604885.4312,5805479.571,5.141330654,604879.3926,5805481.93,5.134625063,0.317127589
604884.7338,5805503.927,5.125573836,604893.614,5805500.474,5.12518935,604887.5411,5805502.836,5.125452293,0.316131851
604892.9698,5805525.061,5.141603812,604901.9664,5805521.579,5.102291271,604895.7469,5805523.987,5.12946855,0.308687803
604901.2195,5805546.455,5.134174013,604910.4113,5805542.917,5.105254641,604904.0053,5805545.383,5.125409369,0.303072195
604909.5312,5805568.096,5.104429212,604918.949,5805564.489,5.111831101,604912.3177,5805567.029,5.106619213,0.295873566
604917.9321,5805589.972,5.09853478,604927.5797,5805586.298,5.10909472,604920.6795,5805588.926,5.101542051,0.284780262
604926.2856,5805611.723,5.097364224,604936.3286,5805607.918,5.125578625,604928.9552,5805610.712,5.104863961,0.265814565
604933.5516,5805630.927,5.160700963,604944.1059,5805626.902,5.131399288,604936.2494,5805629.898,5.153211044,0.255613953
604939.7714,5805647.39,5.37058662,604950.7401,5805643.171,5.129205776,604942.5411,5805646.324,5.309636249,0.252506776
604945.0857,5805661.458,5.646133178,604956.1357,5805657.162,5.11662109,604947.9593,5805660.341,5.508433842,0.26004923
604949.661,5805673.568,5.902557201,604960.7725,5805669.184,5.107270359,604952.6836,5805672.375,5.686216874,0.272028399
604953.5975,5805683.99,6.079834297,604964.749,5805679.497,5.083221899,604956.8189,5805682.692,5.791939028,0.28887348
604956.9777,5805692.937,6.189905016,604968.1338,5805688.274,5.057314142,604960.429,5805691.494,5.839518796,0.309366901
604959.9302,5805700.704,6.283468615,604971.185,5805695.79,5.058265568,604963.5837,5805699.109,5.88574758,0.324618248
604962.9126,5805707.341,6.375717114,604974.0202,5805702.254,5.092818227,604966.3949,5805705.746,5.973521679,0.313505182
604965.565,5805713.253,6.471203794,604976.5056,5805707.919,5.152673514,604969.0421,5805711.558,6.052152606,0.31781689
604968.2279,5805718.475,6.580778443,604978.8076,5805712.838,5.228602708,604971.6476,5805716.653,6.143708494,0.32323457
604970.8964,5805723.214,6.693373834,604980.9817,5805716.992,5.311958387,604974.2875,5805721.122,6.228880342,0.336244675
604973.5213,5805727.404,6.802467533,604983.2443,5805720.671,5.394633554,604976.9894,5805725.002,6.300310794,0.356688244
604976.2849,5805731.164,6.906393515,604985.5046,5805723.81,5.474126755,604979.7855,5805728.372,6.362570958,0.379693713
604979.3446,5805734.698,7.004158795,604987.8571,5805726.162,5.547138022,604982.7196,5805731.314,6.426487467,0.396474447
604982.6703,5805737.847,7.090236453,604990.1437,5805728.129,5.613681705,604985.7594,5805733.83,6.479905167,0.413348471
604986.2064,5805740.475,7.165979963,604992.5966,5805729.654,5.671753505,604988.8835,5805735.942,6.539981086,0.41894513
604989.9804,5805742.823,7.229407933,604994.7605,5805730.807,5.720602228,604992.036,5805737.656,6.580595688,0.430017316
604993.816,5805744.532,7.282253819,604997.3111,5805731.903,5.762717976,604995.3312,5805739.057,6.623473386,0.43354032
604997.5699,5805745.771,7.327328636,605000.3174,5805732.859,5.796602228,604998.7674,5805740.143,6.660188778,0.435832299
605001.2685,5805746.713,7.358857278,605003.4182,5805733.568,5.822041574,605002.2207,5805740.891,6.678181738,0.442913115
605005.2098,5805747.176,7.380156641,605006.2415,5805733.817,5.839744761,605005.662,5805741.321,6.70503388,0.438274094
605009.1219,5805747.311,7.394550812,605009.0766,5805734.001,5.852383586,605009.102,5805741.456,6.716167183,0.439889789
605012.9592,5805747.193,7.402501903,605011.921,5805733.755,5.857883254,605012.5048,5805741.311,6.726326409,0.437762432
605016.7048,5805746.683,7.402668285,605014.7854,5805733.452,5.861799768,605015.8651,5805740.895,6.728605896,0.437456167
605020.3425,5805745.941,7.399125269,605017.8513,5805733.044,5.861621408,605019.2344,5805740.204,6.715162471,0.444852447
605024.1162,5805744.979,7.396904432,605020.8142,5805732.223,5.858351288,605022.6257,5805739.221,6.702412214,0.451393064
605028.07,5805743.53,7.395026628,605023.3943,5805731.358,5.852421237,605025.9338,5805737.969,6.690226588,0.456889381
605032.2504,5805741.614,7.394577433,605025.5794,5805730.449,5.846178692,605029.1603,5805736.442,6.67732812,0.463219865
605036.0015,5805739.668,7.394390218,605028.3404,5805729.043,5.837800949,605032.348,5805734.601,6.652063112,0.47689364
605039.4805,5805737.455,7.392210545,605031.1487,5805727.183,5.826749578,605035.4231,5805732.452,6.629864958,0.486978667
605042.6571,5805734.748,7.383366134,605033.7887,5805724.948,5.81263257,605038.3492,5805729.988,6.620366609,0.485759807
605045.8435,5805731.716,7.371927941,605036.1243,5805722.52,5.796412409,605041.0799,5805727.209,6.599728546,0.490124776
605048.8151,5805728.014,7.355540319,605038.054,5805720.04,5.775374048,605043.5692,5805724.127,6.585225172,0.487490015
605051.6314,5805724.064,7.331020405,605039.8078,5805717.372,5.748853727,605045.7814,5805720.753,6.548196787,0.494779777
605053.7942,5805719.948,7.296033127,605041.5293,5805714.259,5.716749842,605047.6813,5805717.113,6.508902465,0.498409847
605055.3909,5805715.544,7.246812669,605043.046,5805710.863,5.677188984,605049.246,5805713.214,6.465502902,0.497768736
605056.879,5805710.894,7.185313415,605044.2614,5805707.322,5.629635999,605050.4484,5805709.073,6.392456872,0.509653528
605057.7441,5805705.857,7.106409751,605045.1549,5805703.584,5.575254058,605051.2705,5805704.688,6.319056042,0.514221222
605058.0967,5805700.05,7.017696966,605045.5977,5805700.181,5.514267429,605051.69,5805700.117,6.247072339,0.512579027
605057.812,5805694.715,6.914115759,605045.6986,5805695.922,5.448660312,605051.7014,5805695.324,6.17486545,0.50445114
605056.9471,5805689.472,6.796868798,605044.9863,5805691.257,5.379621606,605051.296,5805690.315,6.127258581,0.472472508
605055.4557,5805684.204,6.66870204,605044.0179,5805686.287,5.304009176,605050.4761,5805685.111,6.074562574,0.435363826
605053.7756,5805678.634,6.533016459,605042.5433,5805681.333,5.226961227,605049.2684,5805679.717,6.008934286,0.401271142
605051.5051,5805673.044,6.389926851,605040.991,5805676.115,5.146606886,605047.7163,5805674.15,5.941893409,0.360353664
605049.1731,5805667.313,6.244650298,605039.0603,5805670.658,5.066126247,605045.8586,5805668.409,5.85838523,0.327752857
605046.7564,5805661.371,6.102772031,605037.0054,5805664.893,4.988372138,605043.7288,5805662.465,5.756770909,0.31048207
605044.2386,5805655.182,5.960374687,605034.7099,5805658.861,4.916896568,605041.3799,5805656.286,5.647325404,0.300005693
605041.6134,5805648.73,5.811983701,605032.2892,5805652.524,4.856218136,605038.8449,5805649.857,5.528196461,0.296921324
605038.8808,5805642.013,5.643844556,605029.7539,5805645.889,4.80450147,605036.1189,5805643.186,5.389851341,0.302608947
605036.0663,5805635.096,5.460642637,605027.0653,5805638.853,4.752281933,605033.2376,5805636.277,5.238027043,0.314268864
605033.156,5805627.942,5.264959443,605024.2701,5805631.537,4.69816141,605030.2827,5805629.105,5.081682959,0.323354093
605030.1404,5805620.527,5.061857399,605021.3762,5805623.962,4.641557976,605027.2879,5805621.645,4.925065533,0.325469431
605026.3589,5805613.092,4.866170431,605018.3786,5805616.118,4.591884776,605024.2744,5805613.883,4.794527452,0.261200948
605023.3876,5805605.023,4.696394463,605015.3055,5805607.985,4.555007621,605021.2603,5805605.803,4.659180216,0.263207159
605020.3429,5805596.658,4.56050231,605012.2429,5805599.522,4.540110066,605018.2478,5805597.399,4.555228576,0.258652511
605017.4205,5805587.923,4.468324612,605009.0759,5805590.769,4.569657085,605015.2227,5805588.673,4.495013819,0.263382555
605014.4338,5805578.887,4.413726705,605005.9158,5805581.677,4.658051645,605012.1685,5805579.629,4.478702575,0.26593939
605011.4198,5805569.54,4.388523858,605002.8399,5805572.197,4.80281122,605009.1336,5805570.248,4.498913715,0.266456599
605008.3982,5805559.884,4.369603356,604999.6497,5805562.363,4.97863066,605006.2412,5805560.495,4.51976305,0.246556819
605005.5906,5805549.866,4.345123503,604996.7363,5805551.99,5.132286308,605003.6646,5805550.328,4.51634893,0.217522107
605003.2273,5805539.478,4.312155262,604993.7295,5805540.917,5.200071007,605001.6017,5805539.725,4.464122182,0.171150115
605001.5886,5805528.553,4.304857186,604991.6712,5805529.436,5.149610522,605000.1773,5805528.678,4.425064417,0.142298596
605000.8264,5805517.164,4.27835166,604990.7007,5805517.632,4.979657985,604999.3836,5805517.231,4.378279968,0.142488748
605000.6003,5805505.432,4.20779658,604990.5239,5805505.584,4.729096101,604999.1143,5805505.454,4.284674633,0.147473684
605000.7751,5805494.541,4.170527882,604991.0676,5805494.8,4.502704221,604998.9644,5805494.589,4.232488488,0.186529394
605000.983,5805484.719,4.224199299,604991.5512,5805485.174,4.348268321,604998.5354,5805484.837,4.256395692,0.259503123
605001.1777,5805475.46,4.386889349,604991.773,5805476.417,4.28892231,604997.6976,5805475.814,4.350638524,0.370031167
605001.3698,5805466.34,4.672730523,604991.6619,5805468.567,4.34322892,604996.3903,5805467.482,4.503720948,0.512928854
605000.7004,5805457.672,5.051567401,604990.9629,5805460.772,4.496760043,604994.5177,5805459.64,4.699302063,0.6349305
604998.8871,5805449.622,5.467051352,604989.5928,5805453.196,4.719941167,604992.0173,5805452.263,4.914829968,0.739145728
604996.1567,5805441.86,5.858987404,604987.3768,5805446.029,4.982925574,604988.8278,5805445.34,5.12770472,0.834737405
604992.4788,5805434.115,6.165531473,604983.5411,5805440.062,5.248974605,604985.0203,5805439.078,5.400664882,0.834499732
604987.6259,5805427.082,6.359297328,604979.3524,5805434.442,5.492973363,604980.5561,5805433.371,5.619010513,0.854522034
604980.8289,5805421.586,6.447412526,604974.2163,5805429.508,5.699424447,604975.3601,5805428.138,5.828808769,0.827021091
604973.711,5805417.377,6.453446671,604968.0809,5805425.411,5.852329952,604969.4708,5805423.428,6.000721667,0.753142374
604966.0952,5805413.779,6.393188017,604961.508,5805421.852,5.948980188,604962.983,5805419.256,6.091811359,0.678458379
604958.4175,5805410.644,6.291371746,604954.4678,5805418.628,5.98776886,604956.0022,5805415.527,6.105714898,0.611511301
604950.662,5805407.763,6.179484393,604947.0621,5805415.681,5.981346525,604948.6791,5805412.124,6.070347564,0.550812649
604942.7017,5805404.806,6.072881563,604939.3871,5805412.912,5.952825041,604941.0313,5805408.891,6.012378942,0.503951477
604934.6232,5805401.806,5.967192481,604931.4504,5805410.049,5.885597874,604933.1068,5805405.746,5.928195042,0.477941243
604926.3538,5805398.733,5.829026714,604923.2642,5805407.097,5.773287586,604924.9073,5805402.649,5.802930178,0.468190477
604918.8823,5805395.958,5.674374994,604915.8395,5805404.418,5.64200138,604917.451,5805399.937,5.659146888,0.470384436
604912.2897,5805393.51,5.515340671,604909.2091,5805402.026,5.517987236,604910.8059,5805397.612,5.51661557,0.481652358
604906.3597,5805391.307,5.356457456,604903.1702,5805399.848,5.402558681,604904.7739,5805395.553,5.379378832,0.497198069
604901.132,5805389.365,5.205370786,604897.8131,5805397.916,5.301152486,604899.4606,5805393.671,5.253605455,0.503589924
604896.4877,5805387.641,5.057521288,604893.0051,5805396.181,5.212482204,604894.7696,5805391.854,5.133967117,0.493330514
604892.4175,5805385.903,4.914497866,604888.6208,5805394.599,5.137827616,604890.6117,5805390.039,5.020718015,0.475618848
604888.8956,5805384.058,4.775567868,604884.5206,5805393.05,5.074587034,604886.8912,5805388.177,4.912559275,0.458124968
604885.9624,5805382.252,4.641182956,604880.6705,5805391.147,5.019647316,604883.5798,5805386.256,4.811581714,0.450202503
604883.3211,5805380.203,4.51232433,604877.4569,5805389.074,4.968613378,604880.6353,5805384.266,4.721307831,0.458005659
604880.9636,5805378.221,4.385740422,604874.5087,5805386.8,4.918018988,604877.9891,5805382.174,4.631025333,0.460823783
604879.0075,5805376.312,4.263825629,604871.7377,5805384.2,4.865268367,604875.6262,5805379.981,4.543563366,0.4651131
604877.3117,5805374.516,4.147637667,604869.1873,5805381.387,4.812578418,604873.546,5805377.701,4.45584577,0.463503041
604875.8393,5805372.522,4.0363825,604866.9492,5805378.517,4.757439869,604871.7122,5805375.305,4.371120001,0.464228684
604874.4447,5805370.646,3.934110356,604864.9104,5805375.44,4.701760119,604870.1359,5805372.812,4.281029637,0.451929749
604873.1398,5805368.695,3.836140248,604863.151,5805372.167,4.645941996,604868.8024,5805370.202,4.18777513,0.434214712
604871.9631,5805366.319,3.745957553,604861.7412,5805369.04,4.590510393,604867.7074,5805367.452,4.097566035,0.416332689
604871.0567,5805363.711,3.660740639,604860.6072,5805365.973,4.534520391,604866.8772,5805364.616,4.010216806,0.399957451
604870.5749,5805360.998,3.58719375,604859.893,5805362.834,4.48147954,604866.314,5805361.73,3.94392294,0.398899769
604870.23,5805358.365,3.52564043,604859.2105,5805359.542,4.430349165,604866.0124,5805358.815,3.871908237,0.382736699
604870.1061,5805355.805,3.476296766,604858.9825,5805355.978,4.383713599,604865.9668,5805355.869,3.813962874,0.372118396
604870.2684,5805353.412,3.440272071,604859.1122,5805352.037,4.347988379,604866.1768,5805352.908,3.773185188,0.366758539
604870.4478,5805350.789,3.418519299,604859.5951,5805348.366,4.324588121,604866.645,5805349.94,3.736004316,0.350400738
604870.9604,5805348.031,3.414445291,604860.3486,5805344.848,4.3152059,604867.3847,5805346.959,3.7179616,0.336954322
604871.7524,5805345.286,3.42835489,604861.4056,5805341.341,4.322563432,604868.4022,5805344.009,3.717890854,0.323790181
604872.6392,5805342.712,3.460977865,604863.0253,5805337.524,4.346079559,604869.6979,5805341.124,3.73176844,0.305944357
604874.1012,5805340.216,3.515120711,604864.9557,5805334.084,4.387564217,604871.2782,5805338.323,3.784418922,0.308671263
604875.6382,5805337.592,3.58690423,604867.1421,5805331.009,4.449205321,604873.1318,5805335.65,3.841293445,0.29501261
604877.3737,5805334.95,3.676835836,604869.463,5805328.156,4.530092821,604875.2545,5805333.13,3.905416644,0.267891724
604879.4484,5805332.519,3.786226437,604872.1244,5805325.437,4.631230178,604877.6498,5805330.78,3.993743455,0.24558106
604881.8125,5805330.425,3.913275652,604875.3606,5805322.839,4.751099681,604880.2914,5805328.637,4.110799398,0.23575793
604884.3088,5805328.736,4.058136836,604879.3151,5805320.236,4.888888923,604883.1336,5805326.736,4.253646813,0.235340869
604887.1485,5805327.266,4.218398517,604883.1982,5805317.793,5.043606273,604886.2255,5805325.053,4.411215337,0.233658332
604890.3395,5805326.005,4.391175209,604887.2358,5805316.138,5.20912866,604889.5829,5805323.6,4.59056983,0.243772457
604893.795,5805325.046,4.576742725,604891.5094,5805315.158,5.385454698,604893.1857,5805322.41,4.792352108,0.266608435
604897.4386,5805324.268,4.771203264,604895.8774,5805314.474,5.566218414,604896.9994,5805321.512,4.994853895,0.281316265
604901.305,5805323.941,4.976241017,604900.2853,5805313.996,5.745774245,604900.9961,5805320.929,5.209343465,0.302917926
604905.3539,5805323.766,5.191416429,604904.8019,5805314.21,5.920912612,604905.175,5805320.668,5.427875687,0.324139016
604909.5511,5805324.253,5.416477615,604909.4637,5805313.841,6.08716668,604909.5216,5805320.74,5.642771254,0.337409887
604913.6501,5805325.021,5.647278511,604914.5671,5805315.084,6.242963526,604914.0082,5805321.14,5.879945106,0.39058528
604917.7013,5805326.287,5.885904234,604919.7321,5805316.506,6.396665194,604918.6213,5805321.856,6.117287301,0.453017193
604922.1947,5805327.693,6.132073579,604924.6283,5805317.974,6.555212274,604923.3995,5805322.882,6.341549702,0.495054899
604926.7527,5805329.119,6.383023202,604929.7705,5805319.663,6.724698952,604928.3266,5805324.187,6.56122194,0.521538611
604931.6367,5805330.843,6.639169171,604934.8545,5805321.664,6.90824394,604933.4226,5805325.748,6.78851078,0.555018157
604936.7935,5805332.754,6.907113444,604940.0712,5805323.717,7.116756993,604938.6834,5805327.543,7.027993236,0.57659493
604942.1909,5805334.754,7.192289771,604945.4829,5805325.847,7.355980827,604944.112,5805329.556,7.287815544,0.583573611
604947.8176,5805336.839,7.491269097,604951.119,5805328.018,7.62597273,604949.7276,5805331.735,7.569202786,0.578563184
604953.6703,5805339.007,7.801209895,604957.0317,5805330.107,7.920656482,604955.5533,5805334.021,7.868121026,0.560175728
604959.746,5805341.259,8.127378147,604963.1643,5805332.273,8.235941274,604961.6087,5805336.362,8.186536519,0.544920988
604966.0423,5805343.591,8.458387697,604969.5119,5805334.515,8.570496698,604967.8962,5805338.741,8.518289182,0.534317824
604972.5689,5805346.01,8.805868738,604976.0546,5805336.826,8.899550209,604974.3949,5805341.199,8.854945198,0.523868498
604979.3033,5805348.505,9.16288984,604982.4368,5805340.174,9.214858683,604981.0978,5805343.734,9.19264694,0.57265499
604986.2373,5805351.074,9.52146731,604989.433,5805342.479,9.507262073,604987.9982,5805346.338,9.513640361,0.550994022
604993.3696,5805353.717,9.877615127,604996.6106,5805344.841,9.76976577,604995.1041,5805348.967,9.819897864,0.535163591
605000.7317,5805356.376,10.2168044,605003.9646,5805347.265,10.00097516,605002.4357,5805351.574,10.10304395,0.527085063
605008.3676,5805359.049,10.53228681,605011.4766,5805349.749,10.2048258,605010.0159,5805354.118,10.35866927,0.530188874
605016.3982,5805361.617,10.81140025,605019.1106,5805352.275,10.36810109,605017.8663,5805356.561,10.5714523,0.541274968
605024.6282,5805364.211,11.05127565,605027.1077,5805354.635,10.48084762,605026.0122,5805358.866,10.7328725,0.558185967
605033.1789,5805366.512,11.24108698,605035.3952,5805357.068,10.54976871,605034.4721,5805361.002,10.8377323,0.583456472
605042.0205,5805368.729,11.35883731,605044.0825,5805359.101,10.56922507,605043.2576,5805362.952,10.88511239,0.599946242
605051.3196,5805370.657,11.39458312,605053.0369,5805361.039,10.52475501,605052.3824,5805364.705,10.85627289,0.618868319
605061.0225,5805372.113,11.33756663,605062.4065,5805362.43,10.41053563,605061.8635,5805366.229,10.77421106,0.607698786
605071.1179,5805373.069,11.18683819,605072.1474,5805363.486,10.22602546,605071.7205,5805367.46,10.62442921,0.585347016
605081.6109,5805373.798,10.94184842,605082.2355,5805364.082,9.95874385,605081.9622,5805368.333,10.38891237,0.562438741
605092.4685,5805374.357,10.61716024,605092.6955,5805364.218,9.625208279,605092.5924,5805368.822,10.07564017,0.545913587
605103.6777,5805374.456,10.1975047,605103.5531,5805364.067,9.24892217,605103.6112,5805368.905,9.690685262,0.534291554
605115.2329,5805373.945,9.677031188,605114.8138,5805363.663,8.811793836,605115.013,5805368.551,9.223112393,0.524617706
605127.2511,5805372.9,9.04977939,605126.3892,5805363.274,8.315307025,605126.7894,5805367.743,8.65633679,0.535680586
605139.546,5805371.435,8.345027726,605138.438,5805362.34,7.755845493,605138.9443,5805366.496,8.025071923,0.543050545
605152.1317,5805369.459,7.586410271,605150.8833,5805360.779,7.148759074,605151.4669,5805364.837,7.353354894,0.53251371
605165.0132,5805366.944,6.794486045,605163.6887,5805358.668,6.496039672,605164.3571,5805362.845,6.646660305,0.495317208
605178.216,5805364.091,6.013394475,605176.8103,5805355.956,5.841309651,605177.6179,5805360.63,5.9401762,0.425474641
605191.7631,5805361.164,5.277694987,605190.3535,5805353.155,5.274385055,605191.2564,5805358.285,5.276505339,0.359466789
605205.6627,5805358.163,4.663809722,605204.321,5805350.268,4.823022728,605205.2556,5805355.767,4.712114755,0.303403421
605219.9894,5805355.472,4.208240089,605218.7254,5805347.482,4.575874325,605219.644,5805353.29,4.308672949,0.273186828
605234.7257,5805353.56,3.901315383,605233.8215,5805345.525,4.487474805,605234.4982,5805351.538,4.048797194,0.251606143
605249.676,5805352.858,3.736320805,605250.0495,5805345.003,4.460513958,605249.7601,5805351.089,3.899454348,0.225262857
605265.2166,5805353.571,3.699204342,605266.0914,5805345.788,4.465208505,605265.377,5805352.143,3.839705604,0.183421012
605280.9346,5805355.905,3.708209643,605282.3708,5805347.941,4.49770762,605281.1433,5805354.747,3.822965832,0.145353527
605296.4405,5805360.171,3.69045448,605299.1556,5805352.04,4.497037027,605296.9128,5805358.757,3.830769275,0.17396212
605311.7758,5805366.31,3.664168615,605315.1033,5805358.007,4.414032113,605312.5072,5805364.485,3.829006504,0.219824173
605326.5847,5805373.942,3.726892046,605331.1264,5805365.614,4.28336397,605327.7816,5805371.748,3.873539476,0.263530726
605341.5265,5805382.401,3.963478143,605346.1065,5805374.493,4.24553228,605342.8711,5805380.079,4.046284164,0.293583195
605356.4028,5805391.638,4.407762495,605360.9893,5805383.851,4.439579209,605357.9469,5805389.017,4.418473735,0.336657998
605371.5389,5805401.091,5.130427764,605375.6509,5805393.846,4.92336502,605373.3219,5805397.95,5.040643836,0.433607309
605386.9523,5805410.718,6.19072067,605391.0074,5805402.952,5.73484518,605389.1181,5805406.57,5.947249933,0.534074837
605403.1651,5805419.723,7.356453773,605406.6905,5805411.737,6.678977376,605405.4746,5805414.492,6.912649666,0.655084251
605420.5637,5805426.694,8.410154179,605423.6055,5805418.293,7.604350463,605422.5062,5805421.329,7.895554749,0.638616148
605439.1706,5805431.781,9.302334135,605440.9427,5805423.324,8.542037178,605440.2926,5805426.426,8.820965565,0.633137251
605458.0311,5805434.885,10.04911673,605459.1148,5805426.39,9.484954135,605458.6984,5805429.654,9.701742736,0.615733973
605477.1585,5805435.831,10.58239551,605477.8056,5805427.19,10.27292478,605477.4869,5805431.446,10.42536405,0.507418709
605496.4649,5805435.352,10.92870878,605496.6998,5805427.073,10.82043274,605496.5479,5805432.427,10.89045336,0.353314472
605515.8934,5805434.549,11.1637482,605515.8669,5805426.524,11.16202872,605515.8871,5805432.647,11.16334059,0.237025024
605535.4486,5805434.139,11.2438522,605535.2569,5805425.969,11.28335367,605535.407,5805432.366,11.25242158,0.216938185
605553.1961,5805433.792,11.14098079,605552.8872,5805425.466,11.17360326,605553.1233,5805431.829,11.14867177,0.235758467
605569.0292,5805433.236,10.93322239,605568.5801,5805424.739,10.88983711,605568.9185,5805431.142,10.92252728,0.246515044
605583.2204,5805432.442,10.70841571,605582.5538,5805423.893,10.48352231,605583.0481,5805430.233,10.65029699,0.258432826
605596.0652,5805431.273,10.47290199,605595.0297,5805422.616,10.01975966,605595.7984,5805429.042,10.35614156,0.257664805
605607.8735,5805429.482,10.18635297,605606.2524,5805420.933,9.548161159,605607.4577,5805427.289,10.02265466,0.256504451
605618.7951,5805426.888,9.825767001,605616.6167,5805418.74,9.073215788,605618.2125,5805424.709,9.624517939,0.267420635
605628.9421,5805423.324,9.390374623,605625.7585,5805415.947,8.587007852,605628.0435,5805421.242,9.163612919,0.282264645
605638.3409,5805418.999,8.905927611,605634.3606,5805412.146,8.095121169,605637.1014,5805416.865,8.653437766,0.311405983
605646.8849,5805413.801,8.398563646,605642.3278,5805407.131,7.59639999,605645.4576,5805411.712,8.147317815,0.31321003
605654.6165,5805407.834,7.891453853,605649.4517,5805401.474,7.083458105,605653.0891,5805405.953,7.652505178,0.295730444
605661.6997,5805401.447,7.399703731,605656.1602,5805395.798,6.563623278,605660.0084,5805399.722,7.144439598,0.3053102
605668.3776,5805394.872,6.930948626,605662.3185,5805389.536,6.070486482,605666.2865,5805393.031,6.633979418,0.345126822
605674.5397,5805387.649,6.481791245,605667.6593,5805382.717,5.610157874,605671.9401,5805385.786,6.152459517,0.377832879
605680.1365,5805379.691,6.064322518,605672.2836,5805375.416,5.19631298,605676.9054,5805377.932,5.707186571,0.411442204
605684.7985,5805371.127,5.693971915,605676.3078,5805367.305,4.831517224,605681.1544,5805369.487,5.323809306,0.429196375
605688.7487,5805361.893,5.391400274,605679.7357,5805358.892,4.528535043,605684.6502,5805360.528,4.999027876,0.454732032
605692.0498,5805352.205,5.150805548,605682.3114,5805349.838,4.299585365,605687.3589,5805351.065,4.740775132,0.481697162
605694.3176,5805341.952,4.980090531,605684.157,5805340.469,4.140450836,605689.2098,5805341.206,4.557993986,0.502711571
605695.2401,5805331.216,4.911229378,605685.3675,5805330.801,4.059834652,605690.1691,5805331.003,4.473912424,0.513646892
605694.9482,5805320.209,4.957398271,605685.64,5805320.781,4.082994409,605690.1295,5805320.505,4.504734987,0.517681862
605693.7566,5805309.046,5.093837616,605684.6352,5805310.49,4.220194066,605688.9911,5805309.8,4.637395078,0.522458632
605691.4019,5805297.785,5.281282106,605682.4008,5805300.126,4.457558806,605686.6161,5805299.03,4.843317943,0.531689269
605687.4821,5805286.565,5.505387972,605679.0225,5805289.993,4.775288075,605682.99,5805288.385,5.117700893,0.53100562
605682.1064,5805275.868,5.76298278,605674.3656,5805279.96,5.149802869,605678.2165,5805277.924,5.454850023,0.502518082
605676.0071,5805265.573,6.025025101,605668.6553,5805269.899,5.545580204,605672.5328,5805267.617,5.798448494,0.472575717
605669.3032,5805255.47,6.285564507,605662.1758,5805259.857,5.913916287,605666.2663,5805257.339,6.127210923,0.426083847
605662.4826,5805245.183,6.543631203,605655.3179,5805249.706,6.237569111,605659.7164,5805246.929,6.425466897,0.386078579
605655.5152,5805234.677,6.742334987,605648.2887,5805239.3,6.486762361,605652.9715,5805236.304,6.652373377,0.35199948
605648.3886,5805223.93,6.859862306,605641.0979,5805228.655,6.660481144,605645.9778,5805225.492,6.793932734,0.330671053
605641.1018,5805212.94,6.912326503,605633.7449,5805217.77,6.773147231,605638.7529,5805214.482,6.867890073,0.319274636
605633.73,5805201.712,6.863149495,605626.1609,5805206.544,6.799353277,605631.4258,5805203.183,6.84372801,0.304430508
605626.4243,5805190.174,6.683854885,605618.3331,5805194.82,6.73584072,605624.2993,5805191.394,6.697508445,0.262632275
605619.6069,5805177.985,6.41228344,605610.4536,5805182.554,6.551804256,605617.6636,5805178.955,6.441904624,0.21230704
605613.8366,5805164.896,6.093863963,605602.643,5805169.724,6.25094193,605611.5302,5805165.891,6.126229449,0.206047315
605608.9032,5805151.327,5.780695408,605595.687,5805157.121,5.861540822,605605.7899,5805152.692,5.799739994,0.235566414
605604.4166,5805139.266,5.51735504,605589.9554,5805145.701,5.485060654,605600.7394,5805140.903,5.509143423,0.254282766
605599.8319,5805128.431,5.303455538,605584.8955,5805135.287,5.152817755,605595.911,5805130.231,5.263911724,0.262508914
605595.0927,5805118.597,5.150679331,605580.4816,5805126.155,4.889968023,605591.1181,5805120.653,5.079758938,0.272027843
605590.626,5805109.326,5.04915575,605576.6214,5805117.766,4.678574471,605586.2581,5805111.959,4.93357522,0.311890548
605586.2165,5805100.392,4.982850924,605573.1445,5805110.073,4.49417561,605581.2681,5805104.057,4.797863501,0.378548828
605581.9392,5805092.145,4.938553638,605569.8263,5805101.996,4.343556497,605576.0195,5805096.959,4.647771469,0.488712277
605577.473,5805083.98,4.898386925,605566.6064,5805094.408,4.219625583,605570.3876,5805090.779,4.455812191,0.652033771
605571.9959,5805076.383,4.835160893,605562.4256,5805087.795,4.111762083,605564.2814,5805085.582,4.252047612,0.806076063
605563.8009,5805070.321,4.739564737,605556.899,5805082.782,4.009950231,605557.669,5805081.392,4.091342152,0.88844578
605554.6953,5805066.299,4.60995144,605550.2264,5805079.693,3.91460409,605550.7141,5805078.231,3.990499791,0.890851287
605545.4301,5805064.002,4.461934291,605542.942,5805078.36,3.823714784,605543.3653,5805075.918,3.93227819,0.829895402
605537.3003,5805063.122,4.302466167,605535.0184,5805077.617,3.738876283,605535.5447,5805074.274,3.868875317,0.769340467
605528.9427,5805062.792,4.165738879,605526.7412,5805077.338,3.661915042,605527.3772,5805073.136,3.807463357,0.711114141
605520.0178,5805062.647,4.056164332,605518.3955,5805077.273,3.592887931,605518.9453,5805072.316,3.749890504,0.661103923
605510.8013,5805062.92,3.983282654,605509.8855,5805077.646,3.533353164,605510.2537,5805071.725,3.714249984,0.597944497
605501.3874,5805063.408,3.94920091,605501.3184,5805078.474,3.493550187,605501.3507,5805071.426,3.706728078,0.532146933
605491.7596,5805064.454,3.93928434,605492.6684,5805079.738,3.478225957,605492.1841,5805071.593,3.723915291,0.4671189
605481.926,5805065.932,3.936495325,605483.8449,5805081.129,3.47300227,605482.7445,5805072.414,3.738786872,0.426561146
605471.8798,5805067.729,3.926070326,605474.8051,5805083.041,3.470275553,605473.0568,5805073.89,3.742678005,0.402357178
605461.7225,5805070.049,3.920344322,605465.401,5805085.341,3.470430782,605463.1645,5805076.044,3.743969965,0.392018217
605451.235,5805073.222,3.914418336,605456.1212,5805087.995,3.467558981,605453.136,5805078.97,3.740560222,0.389066774
605440.7481,5805077.275,3.913555355,605446.6502,5805091.349,3.462244128,605443.0496,5805082.763,3.737572091,0.389937272
605430.2329,5805082.107,3.913040611,605437.2232,5805095.639,3.453334791,605432.9887,5805087.442,3.731807647,0.394236782
605420.3316,5805087.251,3.893546319,605427.9305,5805100.234,3.449793512,605423.4818,5805092.633,3.709582382,0.414562767
605411.6488,5805092.145,3.885004139,605419.418,5805104.803,3.45195596,605415.0382,5805097.667,3.696083151,0.436258721
605404.2225,5805096.607,3.87990832,605412.1598,5805109.211,3.45785189,605407.7224,5805102.165,3.693808289,0.440936394
605397.751,5805100.701,3.900534906,605405.8129,5805113.124,3.466761807,605401.313,5805106.19,3.70887923,0.441834238
605392.0533,5805104.57,3.93888233,605400.4049,5805116.857,3.473835568,605395.6602,5805109.876,3.738036354,0.431883875
605386.8947,5805108.072,3.985215744,605395.6722,5805120.26,3.482358957,605390.6877,5805113.339,3.767914242,0.43213408
605382.2881,5805111.47,4.032007694,605391.5725,5805123.412,3.488028546,605386.3349,5805116.675,3.794901903,0.435872821
605378.0425,5805114.795,4.078632916,605388.0981,5805126.366,3.491531794,605382.5399,5805119.97,3.816048349,0.447255294
605374.2696,5805118.545,4.12059191,605385.1699,5805128.881,3.491518808,605379.2574,5805123.275,3.832736426,0.457586566
605370.569,5805122.276,4.157540854,605382.8206,5805131.334,3.489961865,605376.4451,5805126.621,3.837361361,0.479612887
605367.3494,5805125.697,4.190932138,605380.249,5805134.034,3.487479127,605374.0649,5805130.037,3.824718612,0.520593713
605364.351,5805129.482,4.221477645,605377.935,5805136.676,3.485575826,605372.0807,5805133.575,3.802727042,0.569030659
605361.3699,5805133.854,4.247415609,605375.9628,5805139.316,3.484849679,605370.4862,5805137.266,3.771031584,0.624714912
605358.9775,5805138.494,4.268523549,605374.1504,5805142.296,3.483246845,605369.3029,5805141.081,3.734137538,0.680508472
605357.3819,5805143.605,4.277744862,605372.6535,5805145.563,3.480760986,605368.5344,5805145.035,3.695721378,0.73028145
605356.2883,5805148.969,4.277731804,605371.6961,5805149.062,3.477642069,605368.1985,5805149.041,3.659267857,0.772992791
605356.1984,5805154.319,4.267008173,605371.4817,5805152.771,3.474840095,605368.2925,5805153.094,3.640137299,0.791337185
605357.0482,5805159.722,4.247037197,605372.0959,5805156.456,3.471004008,605368.8192,5805157.167,3.639986995,0.78224569
605358.7343,5805164.709,4.220122058,605373.3091,5805160.113,3.468578677,605369.7779,5805161.227,3.650659392,0.757723798
605360.8224,5805169.286,4.188293478,605375.1723,5805163.663,3.467220271,605371.1634,5805165.234,3.668662733,0.720635251
605363.6809,5805173.489,4.150810448,605377.5647,5805167.02,3.465557461,605372.971,5805169.16,3.692290294,0.669123714
605367.5874,5805177.743,4.112584528,605379.9356,5805169.925,3.464695611,605375.173,5805172.94,3.71458374,0.614306208
605371.4684,5805181.457,4.0736552,605382.7011,5805172.721,3.46499311,605377.7624,5805176.563,3.732604816,0.560327219
605375.3907,5805184.868,4.038089261,605385.954,5805175.352,3.465901584,605380.7543,5805180.036,3.747554935,0.507759317
605379.7629,5805188.349,4.003935261,605389.0075,5805177.812,3.465923443,605384.1516,5805183.347,3.748527235,0.474728765
605384.2879,5805191.624,3.970882823,605392.4864,5805180.101,3.46477423,605387.9544,5805186.471,3.7445413,0.447219461
605388.9128,5805194.754,3.940125894,605396.3263,5805182.565,3.461899595,605392.1725,5805189.395,3.729849346,0.439700348
605393.7235,5805197.855,3.918101828,605400.6619,5805184.92,3.459554333,605396.8058,5805192.109,3.714400856,0.444230862
605398.9159,5805200.757,3.90877924,605405.3643,5805187.232,3.454250842,605401.8485,5805194.606,3.702066611,0.454784749
605404.6227,5805203.677,3.906837444,605410.1936,5805189.391,3.450350356,605407.2721,5805196.883,3.689735538,0.475591877
605410.7183,5805205.951,3.911810365,605415.6322,5805191.204,3.451071593,605413.0497,5805198.954,3.693217918,0.474439504
605417.2372,5805207.471,3.915046871,605421.5633,5805192.7,3.457321389,605419.1727,5805200.862,3.710259861,0.447401374
605424.0176,5805208.783,3.904653327,605427.8663,5805194.108,3.469969745,605425.6299,5805202.635,3.722557778,0.418914887
605431.0849,5805209.835,3.876018186,605434.559,5805195.245,3.491309851,605432.4019,5805204.304,3.730181021,0.379085332
605438.3681,5805210.919,3.832986704,605441.534,5805196.426,3.52804733,605439.4635,5805205.904,3.727482957,0.34598249
605445.8663,5805212.034,3.776811726,605448.8085,5805197.657,3.585150806,605446.7988,5805207.478,3.716067957,0.316934694
605453.457,5805213.386,3.709890997,605456.5617,5805199.019,3.654385781,605454.3836,5805209.098,3.693324477,0.298460574
605461.2598,5805214.982,3.638619515,605464.5272,5805200.738,3.727811335,605462.212,5805210.831,3.664610581,0.291433503
605469.2025,5805217.123,3.57077075,605472.6832,5805202.914,3.792240764,605470.2803,5805212.723,3.639352522,0.309666273
605477.3774,5805219.393,3.51875024,605481.1054,5805205.237,3.841729485,605478.5788,5805214.831,3.62283487,0.322264201
605485.7834,5805221.748,3.491707594,605489.747,5805207.871,3.878027677,605487.0896,5805217.175,3.619020974,0.329554087
605493.9901,5805224.456,3.485297487,605498.2809,5805210.698,3.904289311,605495.4809,5805219.676,3.630876682,0.347451063
605501.5073,5805227.07,3.498665216,605506.1342,5805213.296,3.924849761,605503.1645,5805222.137,3.651311393,0.358169254
605508.519,5805229.658,3.527240812,605513.3906,5805216.144,3.948506411,605510.3427,5805224.599,3.684946292,0.374360328
605514.6542,5805232.204,3.562083886,605519.9239,5805218.727,3.976392676,605516.7023,5805226.966,3.723108803,0.388659124
605520.1764,5805234.495,3.595462624,605525.9438,5805221.116,4.007555858,605522.4211,5805229.287,3.755849218,0.389199802
605525.1851,5805236.573,3.627242708,605531.4681,5805223.703,4.040163354,605527.5993,5805231.628,3.785903311,0.384239908
605529.5559,5805238.667,3.655963041,605536.69,5805226.154,4.070534169,605532.2155,5805234.002,3.810515333,0.372800749
605533.6309,5805240.816,3.682864275,605541.2913,5805228.556,4.098042405,605536.352,5805236.461,3.830343024,0.355217873
605537.2313,5805243.166,3.711312471,605545.6119,5805231.246,4.123161503,605540.1084,5805239.074,3.852701812,0.343304191
605540.2719,5805245.723,3.739785101,605549.7366,5805234.365,4.146438948,605543.4923,5805241.859,3.878148037,0.340247504
605542.7518,5805248.326,3.766945342,605553.7296,5805238.16,4.168310004,605546.5184,5805244.838,3.904658032,0.343110621
605544.9754,5805251.344,3.79587957,605556.9339,5805241.928,4.19182579,605549.1907,5805248.025,3.935448507,0.35249441
605546.946,5805254.316,3.821264919,605559.7282,5805245.859,4.214371187,605551.4505,5805251.335,3.959796571,0.352402735
605548.464,5805257.251,3.845479497,605562.1378,5805250.087,4.235393986,605553.3017,5805254.716,3.983429928,0.353796286
605549.504,5805259.953,3.870820566,605564.4584,5805255.123,4.256507275,605554.8131,5805258.238,4.007746642,0.355019161
605550.5278,5805263.034,3.89513791,605566.1339,5805259.904,4.278026238,605556.0029,5805261.936,4.029465234,0.350826582
605551.458,5805266.419,3.9198948,605567.0156,5805264.581,4.301843059,605556.8609,5805265.78,4.052539273,0.347283866
605551.9549,5805270.073,3.94466836,605567.7876,5805269.174,4.325121494,605557.3862,5805269.765,4.075180241,0.343043287
605552.319,5805273.849,3.971001924,605567.9741,5805273.902,4.349965818,605557.5737,5805273.867,4.098201543,0.335650876
605552.1781,5805277.65,3.996562749,605567.6998,5805278.705,4.376453894,605557.4233,5805278.006,4.124938248,0.337927074
605551.8652,5805281.488,4.022486762,605567.2345,5805283.606,4.404440761,605556.9396,5805282.187,4.148593903,0.330163503
605551.0573,5805285.333,4.050585892,605566.1447,5805288.552,4.432836807,605556.1161,5805286.412,4.178754112,0.335298411
605549.8738,5805289.153,4.078735114,605564.9107,5805293.592,4.460639542,605554.9429,5805290.65,4.207480777,0.337114835
605548.2588,5805292.844,4.109409394,605563.0824,5805298.629,4.488685798,605553.4093,5805294.854,4.24118909,0.347449868
605546.0919,5805296.269,4.141334724,605560.6903,5805303.584,4.51450121,605551.5004,5805298.979,4.279587719,0.370486246
605543.5,5805299.404,4.172681155,605557.5807,5805308.296,4.539650506,605549.1884,5805302.996,4.320933067,0.403990564
605540.5508,5805302.236,4.20433556,605553.7666,5805312.626,4.563149879,605546.4467,5805306.871,4.364412003,0.446129171
605537.4852,5805304.965,4.236055966,605549.4176,5805316.549,4.586916563,605543.2468,5805310.559,4.405476828,0.482872433
605534.0353,5805307.373,4.266721922,605544.4749,5805319.823,4.610540009,605539.5871,5805313.994,4.449563597,0.531802714
605530.3956,5805309.667,4.293028576,605539.1204,5805322.497,4.639538107,605535.4773,5805317.14,4.494852554,0.582447032
605526.3552,5805311.624,4.313824542,605533.5144,5805324.742,4.668146266,605530.9145,5805319.978,4.539472691,0.636844923
605521.923,5805313.236,4.329642637,605527.7223,5805326.673,4.697670194,605525.9139,5805322.483,4.582904055,0.688157827
605516.9965,5805314.523,4.339779661,605521.7932,5805328.438,4.727247839,605520.4835,5805324.639,4.621453879,0.726957994
605511.655,5805315.55,4.346588826,605515.6271,5805329.817,4.75900268,605514.6837,5805326.429,4.661053517,0.762497723
605505.9278,5805316.32,4.354297579,605509.2364,5805330.985,4.790226685,605508.534,5805327.871,4.697674163,0.787688647
605500.3604,5805317.002,4.361069189,605502.4695,5805331.933,4.817655112,605502.0543,5805328.994,4.727773457,0.803143638
605494.1577,5805317.761,4.369287278,605495.5074,5805332.517,4.84018718,605495.2619,5805329.834,4.754547527,0.818136252
605487.4122,5805318.588,4.379291639,605488.3405,5805333.065,4.849416172,605488.1719,5805330.436,4.764027939,0.81837097
605480.2839,5805319.461,4.389693029,605480.9307,5805333.445,4.849951339,605480.8106,5805330.849,4.764517075,0.814377479
605472.8376,5805320.374,4.40589687,605473.2868,5805333.836,4.843021976,605473.1963,5805331.124,4.754948468,0.798516254
605465.0945,5805321.323,4.421982509,605465.3941,5805334.096,4.835408144,605465.3287,5805331.309,4.74521945,0.781850011
605457.0324,5805322.143,4.43683708,605457.2475,5805334.318,4.829324165,605457.1971,5805331.466,4.737369815,0.765713943
605448.6796,5805322.815,4.454760276,605448.8264,5805334.391,4.825150924,605448.7912,5805331.62,4.736486766,0.760619882
605440.0548,5805323.481,4.475389505,605440.1168,5805334.356,4.825677659,605440.1018,5805331.722,4.740852244,0.757841614
605431.1601,5805323.589,4.500353147,605431.1103,5805334.318,4.832599676,605431.1224,5805331.71,4.751833533,0.756908819
605422.0274,5805323.701,4.529875676,605421.7898,5805334.133,4.84673374,605421.8492,5805331.525,4.767503748,0.749951161
605412.7634,5805323.497,4.560360715,605412.1223,5805333.718,4.867057975,605412.2859,5805331.111,4.78881478,0.744884535
605403.0694,5805323.037,4.593379308,605402.1838,5805333.291,4.894576518,605402.4299,5805330.442,4.810877828,0.72211354
605392.958,5805322.56,4.631349676,605391.9587,5805332.853,4.936196541,605392.2804,5805329.54,4.838077192,0.678137363
605382.5383,5805321.65,4.675084011,605381.4377,5805332.276,4.990133417,605381.832,5805328.469,4.877268984,0.641756401
605371.7904,5805320.688,4.723158302,605370.6244,5805331.476,5.048172611,605371.0753,5805327.304,4.922491272,0.61330449
605360.7153,5805319.696,4.772223499,605359.4958,5805330.653,5.110024882,605360.0041,5805326.086,4.969242714,0.583239805
605349.373,5805318.331,4.826723357,605348.0484,5805329.658,5.172340884,605348.6179,5805324.788,5.023745495,0.570058307
605337.7249,5805316.929,4.88442049,605336.3033,5805328.347,5.233777357,605336.9207,5805323.388,5.082043005,0.565675144
605325.7777,5805315.49,4.950809509,605324.2292,5805326.969,5.291580336,605324.9205,5805321.845,5.139458574,0.55359557
605313.6144,5805313.562,5.019844401,605311.9055,5805324.941,5.348211724,605312.6352,5805320.082,5.207996185,0.57299195
605301.2313,5805311.521,5.09573128,605299.2352,5805322.858,5.420372652,605300.0866,5805318.023,5.281906594,0.573479834
605288.6278,5805309.035,5.194071145,605286.3598,5805320.268,5.522921075,605287.2986,5805315.618,5.38679432,0.586052092
605275.7228,5805306.378,5.323827762,605273.2504,5805317.58,5.65792953,605274.2888,5805312.875,5.517603247,0.579989356
605262.6033,5805303.368,5.497691683,605259.9335,5805314.603,5.829739243,605261.0663,5805309.836,5.688853893,0.575707275
605249.2594,5805300.157,5.722796377,605246.4096,5805311.355,6.051775675,605247.6379,5805306.529,5.90998562,0.569000062
605235.7633,5805296.61,5.994230351,605232.6114,5805308.041,6.325465507,605234.0233,5805302.92,6.17708716,0.552045626
605222.0805,5805292.798,6.270736694,605218.6782,5805304.206,6.622405642,605220.2402,5805298.969,6.460955583,0.540903327
605208.2295,5805288.641,6.510514368,605204.4849,5805300.265,6.876061301,605206.2953,5805294.645,6.699329954,0.516529228
605194.2318,5805284.005,6.662473854,605190.1359,5805295.879,7.014006639,605192.1844,5805289.94,6.838189058,0.499854362
605179.9935,5805279.14,6.69960282,605175.5522,5805291.207,7.053309234,605177.894,5805284.844,6.866803362,0.472710346
605165.6079,5805273.744,6.614510837,605160.785,5805286.049,6.983345425,605163.4145,5805279.34,6.782253011,0.454789877
605150.9874,5805268.012,6.399062997,605145.7584,5805280.546,6.772046053,605148.7383,5805273.403,6.559493037,0.43012672
605136.1384,5805261.85,6.062181028,605130.5648,5805274.479,6.451705269,605133.861,5805267.01,6.221344891,0.40861114
605121.2836,5805255.143,5.627132669,605115.2797,5805268.091,6.046070579,605118.9105,5805260.261,5.792724932,0.395266832
605108.025,5805249.035,5.223708855,605101.7936,5805262.032,5.641802211,605105.6306,5805254.029,5.384361249,0.384250186
605096.771,5805243.473,4.91627079,605090.2683,5805256.623,5.274929312,605094.3219,5805248.426,5.051353382,0.376632743
605087.1374,5805238.711,4.678506793,605080.2784,5805251.927,4.946259474,605084.6658,5805243.473,4.774986517,0.360333557
605078.9648,5805234.564,4.484078495,605071.7055,5805247.506,4.661018544,605076.3437,5805239.237,4.547965494,0.361065787
605071.6804,5805230.701,4.323480242,605064.9356,5805244.016,4.420982567,605069.189,5805235.619,4.359494828,0.369372461
605065.4825,5805227.415,4.188114914,605059.0554,5805240.985,4.227238232,605063.1023,5805232.441,4.202604349,0.37033815
605060.1648,5805224.595,4.078086079,605054.0349,5805238.165,4.07123638,605057.8747,5805229.665,4.075526647,0.373600235
605055.5992,5805221.995,3.988437102,605049.6335,5805235.679,3.944302133,605053.2848,5805227.304,3.971315105,0.38795094
605051.5606,5805219.614,3.912774876,605045.7132,5805233.464,3.838173534,605049.1469,5805225.331,3.881981096,0.412785199
605047.9732,5805217.499,3.858540599,605042.3278,5805231.425,3.752938559,605045.4361,5805223.758,3.811081522,0.449415329
605044.6203,5805215.523,3.817399354,605039.2333,5805229.543,3.680123529,605041.9405,5805222.498,3.749110208,0.497459189
605041.3824,5805213.614,3.788705262,605036.3441,5805227.786,3.618189636,605038.5684,5805221.529,3.693470699,0.558518415
605038.1525,5805211.713,3.768332871,605033.6492,5805226.147,3.567545354,605035.299,5805220.859,3.641103343,0.633657915
605034.7567,5805209.876,3.755754993,605031.2616,5805224.694,3.525261661,605032.251,5805220.5,3.59050165,0.716936193
605030.5146,5805208.309,3.746126727,605029.1835,5805223.498,3.491917192,605029.4529,5805220.423,3.543395846,0.797504228
605026.784,5805207.532,3.74015372,605026.6825,5805222.464,3.466211455,605026.6943,5805220.62,3.500047293,0.876498451
605022.3483,5805207.311,3.732882018,605024.3094,5805221.956,3.446539957,605024.1919,5805221.071,3.46382444,0.939624899
605017.0372,5805208.095,3.725592831,605022.0586,5805222.077,3.431343806,605021.9323,5805221.725,3.438749938,0.974827445
605012.5119,5805209.949,3.716556093,605019.8272,5805222.898,3.421952805,605019.68,5805222.636,3.427908715,0.979785688
605008.2674,5805213.326,3.703909743,605018.1298,5805224.496,3.415773359,605017.4981,5805223.78,3.434250162,0.935871884
605006.0231,5805216.612,3.686491661,605016.5456,5805226.637,3.414696929,605015.1528,5805225.31,3.450671479,0.867649405
605004.1146,5805219.369,3.662294674,605015.1351,5805229.156,3.41945974,605012.8414,5805227.119,3.470000292,0.791870436
605002.5598,5805222.063,3.629967041,605013.6322,5805231.833,3.429834337,605010.593,5805229.151,3.484766232,0.725520843
605000.95,5805224.848,3.586991642,605012.0747,5805234.608,3.444537411,605008.3876,5805231.373,3.491752345,0.66856143
604999.2789,5805227.739,3.532129592,605010.4402,5805237.521,3.460508909,605006.1699,5805233.779,3.48791036,0.617398202
604997.6425,5805230.57,3.464090126,605008.6362,5805240.683,3.479390309,605003.9065,5805236.332,3.472807891,0.569782095
604995.8877,5805233.605,3.38354433,605006.5817,5805243.834,3.50020503,605001.5398,5805239.011,3.445203967,0.528531257
604994.0632,5805236.763,3.293014318,605004.3996,5805246.942,3.522385475,604999.076,5805241.7,3.404253589,0.484967396
604992.3581,5805239.713,3.205730419,605001.8758,5805249.398,3.543298584,604996.6848,5805244.116,3.359192976,0.454599502
604990.5286,5805242.137,3.118094585,604999.1366,5805251.78,3.563090167,604994.2552,5805246.312,3.310743206,0.432919854
604988.6396,5805244.268,3.031678077,604996.0959,5805253.873,3.579123525,604991.7489,5805248.274,3.259965994,0.41700586
604986.7071,5805245.839,2.951818588,604993.0219,5805255.955,3.591399165,604989.2526,5805249.917,3.209639484,0.403106423
604985.0128,5805247.09,2.878637882,604989.551,5805257.678,3.601089335,604986.7947,5805251.247,3.162301878,0.392641212
604982.9944,5805248.079,2.808474071,604986.2573,5805259.145,3.606628306,604984.2536,5805252.349,3.116503846,0.385922698
604980.7345,5805249.077,2.743251133,604983.058,5805260.137,3.610379663,604981.6076,5805253.233,3.069113159,0.37578752
604978.2618,5805249.887,2.682478573,604979.9171,5805260.915,3.610926978,604978.8633,5805253.894,3.019814011,0.363338008
604975.6246,5805250.322,2.624832671,604976.7389,5805261.358,3.609939413,604976.0299,5805254.336,2.983117632,0.363705298
604972.9871,5805250.744,2.57239927,604973.3785,5805261.525,3.605998349,604973.1254,5805254.556,2.937800345,0.353519095
604970.3392,5805250.548,2.5262677,604969.9636,5805261.363,3.598634955,604970.2005,5805254.541,2.922152164,0.369168724
604967.7432,5805250.371,2.488285398,604966.5672,5805260.971,3.586694588,604967.3091,5805254.285,2.893858526,0.369239511
604965.2351,5805249.661,2.458173322,604963.1772,5805260.277,3.573339868,604964.4368,5805253.779,2.8907607,0.38791316
604962.6927,5805248.904,2.434624037,604959.9183,5805259.275,3.559825901,604961.5928,5805253.016,2.880703291,0.396443773
604960.17,5805247.95,2.418200221,604956.6454,5805258.121,3.54723225,604958.7726,5805251.982,2.865769205,0.396417839
604957.8727,5805246.696,2.407315765,604953.3191,5805256.513,3.536109264,604956.0234,5805250.682,2.865693736,0.406078088
604955.8694,5805245.368,2.401668741,604949.8789,5805254.483,3.527919303,604953.3949,5805249.133,2.866886384,0.413067557
604953.91,5805243.882,2.397834668,604946.5618,5805252.062,3.523462924,604950.8462,5805247.293,2.867160375,0.416945602
604951.8384,5805241.963,2.395725203,604943.6938,5805249.423,3.524291966,604948.3824,5805245.128,2.874596027,0.424317472
604949.6966,5805239.746,2.396005154,604941.0453,5805246.656,3.530287453,604946.0663,5805242.646,2.871982133,0.419628324
604947.6774,5805237.196,2.399197321,604938.5566,5805243.71,3.539052451,604943.9527,5805239.856,2.864688164,0.408378051
604945.8816,5805234.474,2.404842973,604936.1726,5805240.37,3.545690949,604942.0829,5805236.781,2.85121205,0.391260692
604944.329,5805231.73,2.41315545,604934.0338,5805236.329,3.547539902,604940.4874,5805233.446,2.836459878,0.373157039
604942.9837,5805228.811,2.423952384,604932.4963,5805231.701,3.541269489,604939.1747,5805229.861,2.829758004,0.363195668
604941.9401,5805225.281,2.435479948,604931.6382,5805227.256,3.52553546,604938.1454,5805226.009,2.837010233,0.368354802
604941.2171,5805221.401,2.448458023,604931.2449,5805222.716,3.496578973,604937.4087,5805221.903,2.848736942,0.381903463
604941.4928,5805217.327,2.461990877,604931.1897,5805217.864,3.447918702,604936.9671,5805217.563,2.89506703,0.439257389
604942.1566,5805213.05,2.475389928,604931.5166,5805212.986,3.380722613,604936.8128,5805213.018,2.930086075,0.502242815
604942.855,5805208.55,2.486307851,604931.9926,5805208.012,3.301088688,604936.9274,5805208.256,2.930927317,0.545692572
604943.6358,5805203.866,2.493896194,604932.6957,5805202.839,3.210703034,604937.2866,5805203.27,2.909899716,0.580359019
604944.5369,5805198.904,2.49499505,604933.6319,5805197.513,3.109180382,604937.8672,5805198.053,2.870645139,0.61162366
604945.4951,5805193.63,2.491817336,604934.6039,5805191.977,3.00555855,604938.6574,5805192.592,2.814353937,0.627819005
604946.5084,5805188.049,2.485751366,604935.6383,5805186.197,2.910926366,604939.6346,5805186.878,2.754613664,0.632357929
604947.5735,5805182.183,2.479253196,604936.8269,5805180.159,2.835761885,604940.7721,5805180.902,2.704884102,0.63289033
604948.6835,5805176.069,2.475865116,604938.0761,5805173.81,2.786695061,604942.0831,5805174.663,2.669277703,0.622245153
604949.915,5805169.676,2.47668804,604939.382,5805167.173,2.771854387,604943.5943,5805168.174,2.653812839,0.600084705
604951.2146,5805162.995,2.478511681,604940.7443,5805160.25,2.792857377,604945.2802,5805161.439,2.656679569,0.566790042
604952.5697,5805156.026,2.479805868,604942.1627,5805153.044,2.82494677,604947.1218,5805154.465,2.660481556,0.523485009
604954.004,5805148.645,2.485862201,604943.6048,5805145.716,2.846013462,604949.078,5805147.257,2.656461891,0.473689987
604955.4958,5805140.977,2.493995533,604945.0774,5805138.231,2.851090497,604951.1012,5805139.819,2.644622126,0.421809124
604957.0272,5805133.099,2.498549727,604946.603,5805130.479,2.84609129,604953.1425,5805132.122,2.628065443,0.372662488
604958.6056,5805124.984,2.49890967,604948.1819,5805122.457,2.846477405,604955.1621,5805124.149,2.613728868,0.330348913
604960.2322,5805116.614,2.498668142,604949.8137,5805114.16,2.840287201,604957.1495,5805115.888,2.599749588,0.295889346
604961.9114,5805107.978,2.505659776,604951.5017,5805105.584,2.824154836,604959.1213,5805107.336,2.591025975,0.268030118
604963.6452,5805099.06,2.523745522,604953.2455,5805096.724,2.799412214,604961.1103,5805098.49,2.590939669,0.243751643
604965.4333,5805089.85,2.556143462,604955.0441,5805087.584,2.769032134,604963.131,5805089.348,2.603320902,0.22160638
604967.2765,5805080.343,2.607782882,604956.9012,5805078.146,2.720633522,604965.1649,5805079.896,2.630750567,0.203522806
604969.1765,5805070.534,2.673167978,604958.818,5805068.404,2.652821428,604967.2059,5805070.129,2.669297339,0.190235295
604971.137,5805060.421,2.73532326,604960.796,5805058.354,2.583616074,604969.2502,5805060.044,2.7076422,0.182464188
604973.1568,5805049.997,2.779965346,604962.835,5805047.992,2.530810919,604971.2972,5805049.636,2.735075951,0.180166935
604975.2379,5805039.258,2.787969806,604964.9135,5805037.309,2.498884403,604973.3485,5805038.902,2.735066049,0.183003929
604977.3816,5805028.196,2.762352344,604967.0198,5805026.292,2.485450485,604975.3854,5805027.83,2.709006766,0.192651567
604979.5824,5805016.837,2.767267858,604969.186,5805014.961,2.487890419,604977.4351,5805016.45,2.709563656,0.206545184
604981.5987,5805006.431,2.856690811,604971.1681,5805004.596,2.486816933,604979.3826,5805006.041,2.778106782,0.212461767
604983.3354,5804997.472,2.992387632,604972.8693,5804995.697,2.478064503,604981.0824,5804997.09,2.881670155,0.215268446
604984.8707,5804989.547,3.136800125,604974.3654,5804987.872,2.471889116,604982.4483,5804989.16,2.983482272,0.230583184
604986.227,5804982.24,3.264291307,604975.5989,5804980.791,2.467853763,604983.3892,5804981.853,3.051638736,0.267003555
604987.313,5804975.164,3.363670646,604976.6238,5804974.615,2.463443313,604983.816,5804974.985,3.069159496,0.327146903
604987.7679,5804968.084,3.431749852,604977.3359,5804968.738,2.454054991,604983.6651,5804968.341,3.047229678,0.393292207
604987.8159,5804960.951,3.470899191,604977.6972,5804962.902,2.441598828,604982.8797,5804961.903,2.968774866,0.487830774
604987.0141,5804953.987,3.481652816,604977.2922,5804957.084,2.427921432,604981.4559,5804955.758,2.879204295,0.571729438
604985.4215,5804947.079,3.471675166,604976.0313,5804951.229,2.41654521,604979.3567,5804949.76,2.790196476,0.645871704
604983.0192,5804940.283,3.450282466,604973.9072,5804945.453,2.408767564,604976.5801,5804943.936,2.714285412,0.70666072
604979.9177,5804933.808,3.433470847,604971.0106,5804939.768,2.407134089,604973.1493,5804938.337,2.653574958,0.75988279
604975.7483,5804927.72,3.43298204,604967.4506,5804934.404,2.410657284,604969.1239,5804933.056,2.616817457,0.798341824
604970.573,5804922.044,3.449400953,604963.2608,5804929.421,2.416298603,604964.5243,5804928.146,2.594820664,0.827198629
604964.5796,5804916.925,3.473706469,604958.3775,5804924.88,2.43083247,604959.3312,5804923.657,2.59119874,0.846227233
604957.8899,5804912.575,3.493493123,604952.7971,5804920.929,2.456938599,604953.5603,5804919.677,2.612264942,0.850150418
604950.6266,5804908.942,3.498717152,604946.5302,5804917.729,2.48975078,604947.2141,5804916.262,2.658212079,0.833035252
604942.8625,5804906.228,3.476309581,604939.7328,5804915.454,2.515661408,604940.4036,5804913.476,2.721576858,0.785648943
604934.7886,5804904.852,3.410880961,604932.532,5804914.147,2.53269408,604933.223,5804911.301,2.801608054,0.693780462
604926.7149,5804904.246,3.310811866,604925.0057,5804913.415,2.542720518,604925.7067,5804909.654,2.857757788,0.589842731
604918.5255,5804903.868,3.181710261,604917.238,5804912.741,2.543234113,604917.8628,5804908.436,2.85303976,0.514778112
604910.0655,5804903.533,3.042840137,604909.2744,5804912.399,2.536734683,604909.706,5804907.562,2.812825219,0.454481011
604901.4419,5804903.192,2.928310079,604900.9592,5804912.109,2.520851782,604901.2379,5804906.961,2.756079245,0.422695883
604892.5683,5804903.003,2.863518546,604892.3033,5804912.03,2.496465157,604892.4633,5804906.581,2.718056026,0.396297923
604883.4269,5804902.826,2.866854179,604883.326,5804912.019,2.470550186,604883.3877,5804906.393,2.713091853,0.387990832
604873.9958,5804902.642,2.928572152,604874.0442,5804912.133,2.458917275,604874.0148,5804906.372,2.743990557,0.393014901
604864.2493,5804902.454,3.029592268,604864.4878,5804912.249,2.474796446,604864.3477,5804906.495,2.800678486,0.412609233
604854.1892,5804902.726,3.146148871,604854.6521,5804912.37,2.516191568,604854.3852,5804906.81,2.879392142,0.423452108
604843.806,5804903.215,3.286870647,604844.5304,5804912.494,2.590383009,604844.1402,5804907.496,2.965558353,0.461332811
604832.9398,5804904.066,3.495918311,604834.3227,5804913.249,2.708520805,604833.6493,5804908.778,3.091941962,0.513051376
604821.7221,5804905.542,3.773513027,604824.022,5804915.239,2.864498105,604822.9756,5804910.827,3.278056498,0.545045907
604810.2121,5804907.879,4.115505109,604813.6698,5804918.164,3.061053249,604812.1908,5804913.764,3.51209342,0.572252502
604798.8243,5804911.364,4.495609964,604803.2486,5804922.217,3.313098277,604801.4131,5804917.715,3.803669321,0.585145614
604787.4317,5804916.205,4.889132698,604793.0194,5804927.122,3.634022914,604790.7924,5804922.771,4.13425071,0.601446975
604776.0775,5804922.636,5.287079249,604783.1112,5804932.74,4.015774742,604780.4943,5804928.981,4.488763691,0.627949779
604765.7014,5804930.599,5.658125797,604773.4041,5804939.584,4.428202027,604770.6752,5804936.401,4.863935193,0.645723191
604755.9446,5804939.474,6.002546334,604763.9476,5804947.386,4.836983435,604761.5037,5804944.97,5.192919315,0.694623078
604746.785,5804949.467,6.327204493,604755.1685,5804956.275,5.208349459,604753.0114,5804954.523,5.496233306,0.742697445
604738.2696,5804960.358,6.587799229,604747.3035,5804966.358,5.516727609,604745.2596,5804965,5.759050881,0.773756348
604731.2574,5804972.511,6.775347407,604740.6158,5804977.547,5.741405101,604738.4887,5804976.402,5.976421502,0.77269873
604725.6595,5804985.816,6.880331851,604735.1992,5804989.553,5.869268903,604732.8515,5804988.633,6.118080652,0.753910932
604721.1608,5804999.578,6.931421603,604730.9825,5805002.352,5.92808559,604728.4177,5805001.627,6.19008728,0.738869634
604717.7978,5805013.854,6.947152147,604727.6968,5805015.721,5.972799639,604725.231,5805015.256,6.215509685,0.750901743
604715.4838,5805028.751,6.964287159,604725.7734,5805029.562,6.024700628,604723.3836,5805029.373,6.242918549,0.76775134
604715.1264,5805044.061,6.939225343,604725.4789,5805043.821,6.074113891,604722.9068,5805043.88,6.289050787,0.751550303
604716.564,5805059.489,6.828726161,604726.8253,5805058.32,6.07897906,604723.8613,5805058.657,6.295548836,0.711142881
604719.6579,5805074.921,6.678283179,604729.4539,5805072.931,6.05748497,604726.2537,5805073.581,6.260287352,0.673318922
604724.1009,5805090.278,6.551065122,604734.1708,5805087.317,6.047646999,604729.9635,5805088.554,6.257979131,0.582192075
604729.4103,5805105.371,6.453700965,604739.4583,5805101.982,6.046090505,604734.6931,5805103.589,6.239398936,0.525751881
604735.3045,5805120.492,6.361225123,604745.0664,5805116.939,6.045275002,604740.0955,5805118.748,6.206162307,0.490782811
604741.3016,5805135.879,6.223169876,604750.8056,5805132.244,6.034568507,604745.8359,5805134.145,6.133190297,0.477088615
604747.3923,5805151.508,6.091604322,604756.6969,5805147.955,6.012510534,604751.8213,5805149.817,6.05395606,0.475995041
604753.6034,5805167.445,6.002537355,604762.7883,5805163.961,5.968961152,604757.924,5805165.807,5.986742926,0.470405888
604759.9363,5805183.697,5.924275329,604769.0695,5805180.256,5.88725763,604764.0912,5805182.132,5.907435188,0.4549223
604766.391,5805200.26,5.831447846,604775.4729,5805196.868,5.784762505,604770.3343,5805198.787,5.811177321,0.434194661
604772.9715,5805217.145,5.683459336,604781.9986,5805213.798,5.663455016,604776.656,5805215.779,5.675294444,0.408156764
604779.6788,5805234.356,5.519852536,604788.6461,5805231.044,5.528542862,604783.0716,5805233.103,5.523140527,0.3783542
604786.5127,5805251.891,5.355562066,604795.4168,5805248.607,5.379461238,604789.5626,5805250.766,5.363748179,0.342529606
604793.4697,5805269.742,5.228445547,604802.3074,5805266.483,5.246816944,604796.2333,5805268.723,5.234190381,0.312706335
604800.2347,5805287.102,5.137543426,604808.9436,5805283.7,5.156146928,604802.872,5805286.071,5.143177093,0.302828338
604807.4187,5805305.535,5.103568791,604816.0595,5805302.16,5.118221863,604810.0803,5805304.496,5.10808235,0.308028523
604814.7117,5805324.249,5.103532023,604823.3621,5805320.87,5.118541348,604817.3945,5805323.201,5.108186866,0.310130079
604822.1086,5805343.232,5.106955281,604830.7829,5805339.844,5.116148374,604824.804,5805342.179,5.109811859,0.310731014
604829.6094,5805362.477,5.094589584,604838.3065,5805359.081,5.110173524,604832.319,5805361.419,5.0994447,0.311546139
