outer_x,outer_y,outer_z,inner_x2,inner_y3,inner_z4
383917.4699,5846610.734,0,383922.1259,5846597.117,0
383919.6802,5846611.176,0,383924.0919,5846597.485,0
383921.65,5846611.522,0,383926.0579,5846597.854,0
383923.6199,5846611.868,0,383928.0238,5846598.222,0
383925.5897,5846612.214,0,383929.9898,5846598.59,0
383927.5596,5846612.56,0,383931.9561,5846598.957,0
383929.5294,5846612.906,0,383933.9266,5846599.299,0
383931.4993,5846613.252,0,383935.8971,5846599.641,0
383933.4704,5846613.59,0,383937.8676,5846599.983,0
383935.4422,5846613.925,0,383939.8381,5846600.325,0
383937.414,5846614.26,0,383941.8086,5846600.668,0
383939.3857,5846614.595,0,383943.7792,5846601.01,0
383941.3575,5846614.93,0,383945.7497,5846601.352,0
383943.3293,5846615.265,0,383947.7202,5846601.694,0
383945.301,5846615.6,0,383949.6907,5846602.036,0
383947.2728,5846615.935,0,383951.6612,5846602.379,0
383949.2446,5846616.27,0,383953.6317,5846602.721,0
383951.2163,5846616.605,0,383955.6023,5846603.063,0
383953.1881,5846616.94,0,383957.5728,5846603.405,0
383955.1598,5846617.275,0,383959.5433,5846603.747,0
383957.1316,5846617.61,0,383961.5139,5846604.09,0
383959.1033,5846617.945,0,383963.4844,5846604.432,0
383961.0751,5846618.28,0,383965.455,5846604.774,0
383963.0468,5846618.615,0,383967.4255,5846605.116,0
383965.0186,5846618.95,0,383969.3961,5846605.458,0
383966.9903,5846619.284,0,383971.3666,5846605.801,0
383968.9621,5846619.619,0,383973.3372,5846606.143,0
383970.9338,5846619.954,0,383975.3078,5846606.485,0
383972.9042,5846620.297,0,383977.2784,5846606.827,0
383974.8713,5846620.659,0,383979.2489,5846607.169,0
383976.8383,5846621.02,0,383981.2195,5846607.512,0
383978.8054,5846621.382,0,383983.1901,5846607.854,0
383980.7724,5846621.744,0,383985.1607,5846608.196,0
383982.7394,5846622.106,0,383987.1314,5846608.538,0
383984.7064,5846622.468,0,383989.102,5846608.881,0
383986.6735,5846622.83,0,383991.0726,5846609.223,0
383988.6405,5846623.192,0,383993.0471,5846609.543,0
383990.6075,5846623.553,0,383995.0224,5846609.859,0
383992.5744,5846623.915,0,383996.9977,5846610.175,0
383994.5414,5846624.277,0,383998.9729,5846610.491,0
383996.5084,5846624.639,0,384000.9482,5846610.807,0
383998.4786,5846624.982,0,384002.9235,5846611.123,0
384000.4492,5846625.323,0,384004.8987,5846611.439,0
384002.4198,5846625.664,0,384006.8741,5846611.755,0
384004.3904,5846626.005,0,384008.8494,5846612.071,0
384006.361,5846626.346,0,384010.8248,5846612.387,0
384008.3315,5846626.687,0,384012.8002,5846612.704,0
384010.3021,5846627.028,0,384014.7756,5846613.02,0
384012.2726,5846627.369,0,384016.7511,5846613.336,0
384014.2431,5846627.71,0,384018.7267,5846613.652,0
384016.2136,5846628.051,0,384020.7023,5846613.968,0
384018.1841,5846628.391,0,384022.6778,5846614.284,0
384020.1545,5846628.732,0,384024.6533,5846614.6,0
384022.125,5846629.073,0,384026.6289,5846614.916,0
384024.0955,5846629.414,0,384028.6045,5846615.232,0
384026.066,5846629.755,0,384030.5801,5846615.548,0
384028.0364,5846630.096,0,384032.5558,5846615.864,0
384030.0069,5846630.437,0,384034.5316,5846616.18,0
384031.9773,5846630.778,0,384036.5114,5846616.473,0
384033.9476,5846631.119,0,384038.4914,5846616.766,0
384035.918,5846631.459,0,384040.4714,5846617.059,0
384037.8883,5846631.8,0,384042.4515,5846617.351,0
384039.8586,5846632.141,0,384044.4317,5846617.644,0
384041.8288,5846632.482,0,384046.412,5846617.937,0
384043.799,5846632.823,0,384048.3925,5846618.23,0
384045.7691,5846633.164,0,384050.3731,5846618.523,0
384047.7391,5846633.505,0,384052.3539,5846618.816,0
384049.7091,5846633.845,0,384054.3345,5846619.109,0
384051.6791,5846634.186,0,384056.3151,5846619.402,0
384053.6492,5846634.527,0,384058.2957,5846619.695,0
384055.6193,5846634.868,0,384060.2765,5846619.988,0
384057.5893,5846635.209,0,384062.2574,5846620.281,0
384059.5592,5846635.549,0,384064.2385,5846620.574,0
384061.5291,5846635.89,0,384066.2197,5846620.867,0
384063.499,5846636.231,0,384068.2011,5846621.16,0
384065.4688,5846636.572,0,384070.1827,5846621.453,0
384067.4384,5846636.913,0,384072.1646,5846621.746,0
384069.408,5846637.253,0,384074.1467,5846622.039,0
384071.3775,5846637.594,0,384076.1292,5846622.332,0
384073.3468,5846637.935,0,384078.1121,5846622.625,0
384075.316,5846638.275,0,384080.0955,5846622.919,0
384077.285,5846638.616,0,384082.0795,5846623.212,0
384079.2538,5846638.957,0,384084.0681,5846623.484,0
384081.2222,5846639.297,0,384086.067,5846623.705,0
384083.1903,5846639.638,0,384088.0672,5846623.926,0
384085.1579,5846639.978,0,384090.068,5846624.147,0
384087.1253,5846640.319,0,384092.0685,5846624.368,0
384089.093,5846640.659,0,384094.0697,5846624.589,0
384091.0605,5846640.999,0,384096.0723,5846624.81,0
384093.0276,5846641.34,0,384098.0766,5846625.032,0
384094.9941,5846641.68,0,384100.083,5846625.254,0
384096.96,5846642.02,0,384102.0923,5846625.476,0
384098.925,5846642.36,0,384104.1056,5846625.698,0
384100.8887,5846642.7,0,384106.0769,5846626.169,0
384102.8507,5846643.039,0,384108.0506,5846626.667,0
384104.8102,5846643.378,0,384110.0358,5846627.167,0
384106.7653,5846643.716,0,384112.0436,5846627.673,0
384108.712,5846644.053,0,384114.1112,5846628.194,0
384110.625,5846644.441,0,384116.5959,5846628.82,0
384112.3754,5846644.823,0,384119.48,5846630.043,0
384113.8405,5846645.398,0,384122.0132,5846631.875,0
384115.2709,5846646.061,0,384124.2983,5846633.527,0
384116.7477,5846646.823,0,384126.5298,5846635.141,0
384118.1471,5846647.735,0,384128.7649,5846636.758,0
384119.5411,5846648.643,0,384131.092,5846638.44,0
384120.8034,5846649.664,0,384132.8111,5846640.728,0
384121.9665,5846650.813,0,384134.347,5846642.904,0
384123.1352,5846652.061,0,384135.7892,5846644.972,0
384124.2698,5846653.417,0,384137.1422,5846646.985,0
384125.3562,5846654.866,0,384138.4706,5846648.961,0
384126.2935,5846656.439,0,384139.825,5846650.976,0
384127.2209,5846657.995,0,384140.8282,5846653.272,0
384128.0212,5846659.582,0,384141.7227,5846655.675,0
384128.7461,5846661.17,0,384142.6386,5846658.135,0
384129.4065,5846662.75,0,384143.5865,5846660.68,0
384129.7447,5846664.393,0,384144.2545,5846663.389,0
384130.0733,5846665.989,0,384144.4337,5846666.107,0
384130.3727,5846667.626,0,384144.6008,5846668.64,0
384130.4513,5846669.369,0,384144.7596,5846671.049,0
384130.5326,5846671.171,0,384144.85,5846673.381,0
384130.4987,5846673.016,0,384144.7756,5846675.653,0
384130.4615,5846674.889,0,384144.7025,5846677.881,0
384130.4237,5846676.786,0,384144.5089,5846680.073,0
384130.2588,5846678.689,0,384144.3044,5846682.31,0
384130.0805,5846680.571,0,384144.0331,5846684.619,0
384129.9052,5846682.421,0,384143.7455,5846686.957,0
384129.5499,5846684.233,0,384143.3143,5846689.283,0
384129.1921,5846686.041,0,384142.751,5846691.587,0
384128.8342,5846687.849,0,384142.0943,5846693.872,0
384128.2612,5846689.599,0,384141.3513,5846696.134,0
384127.6744,5846691.34,0,384140.421,5846698.329,0
384127.0796,5846693.078,0,384139.4908,5846700.523,0
384126.3261,5846694.752,0,384138.4196,5846702.69,0
384125.5793,5846696.41,0,384137.313,5846704.874,0
384124.8362,5846698.061,0,384136.2064,5846707.057,0
384123.9297,5846699.63,0,384134.8404,5846709.068,0
384122.9644,5846701.172,0,384133.468,5846711.049,0
384121.993,5846702.724,0,384132.0036,5846712.939,0
384120.8292,5846704.148,0,384130.4648,5846714.743,0
384119.6329,5846705.55,0,384128.9025,5846716.5,0
384118.4314,5846706.958,0,384127.2909,5846718.186,0
384117.0934,5846708.249,0,384125.6746,5846719.877,0
384115.7597,5846709.537,0,384123.8485,5846721.371,0
384114.4316,5846710.819,0,384122.0101,5846722.814,0
384113.0607,5846712.068,0,384120.2044,5846724.232,0
384111.5909,5846713.226,0,384118.3805,5846725.572,0
384110.1101,5846714.392,0,384116.5354,5846726.836,0
384108.6179,5846715.568,0,384114.7101,5846728.086,0
384106.9673,5846716.533,0,384112.8277,5846729.213,0
384105.2801,5846717.448,0,384110.9173,5846730.257,0
384103.5907,5846718.363,0,384109.023,5846731.293,0
384101.8538,5846719.205,0,384107.1417,5846732.321,0
384100.1151,5846720.047,0,384105.2706,5846733.343,0
384098.3748,5846720.888,0,384103.4042,5846734.341,0
384096.63,5846721.732,0,384101.6014,5846735.306,0
384094.8506,5846722.593,0,384099.8729,5846736.231,0
384093.0286,5846723.475,0,384098.1675,5846737.144,0
384091.1923,5846724.363,0,384096.4718,5846738.051,0
384089.3517,5846725.26,0,384094.7886,5846738.952,0
384087.5767,5846726.294,0,384093.2435,5846740.05,0
384085.7917,5846727.334,0,384091.7296,5846741.134,0
384083.9917,5846728.383,0,384090.2574,5846742.188,0
384082.1676,5846729.446,0,384088.8529,5846743.193,0
384080.4382,5846730.737,0,384087.5756,5846744.107,0
384078.745,5846732.206,0,384086.4515,5846744.912,0
384076.9889,5846733.731,0,384085.2378,5846745.781,0
384075.2736,5846735.219,0,384083.8453,5846746.86,0
384073.658,5846736.621,0,384082.4817,5846748.129,0
384072.1131,5846738.017,0,384081.0832,5846749.431,0
384070.7813,5846739.584,0,384079.6652,5846750.752,0
384069.46,5846741.139,0,384078.2351,5846752.083,0
384068.145,5846742.687,0,384076.7967,5846753.422,0
384066.8342,5846744.23,0,384075.3523,5846754.767,0
384065.5264,5846745.769,0,384073.9603,5846756.168,0
384064.1961,5846747.283,0,384072.7661,5846757.753,0
384062.8378,5846748.769,0,384071.5706,5846759.34,0
384061.4807,5846750.254,0,384070.3747,5846760.928,0
384060.1241,5846751.738,0,384069.1932,5846762.496,0
384058.7592,5846753.231,0,384068.0354,5846764.033,0
384057.3808,5846754.739,0,384066.8905,5846765.553,0
384055.9957,5846756.255,0,384065.7535,5846767.063,0
384054.6081,5846757.778,0,384064.6256,5846768.56,0
384053.2145,5846759.309,0,384063.6044,5846770.119,0
384051.813,5846760.847,0,384062.6508,5846771.7,0
384050.4015,5846762.397,0,384061.7131,5846773.254,0
384048.9766,5846763.962,0,384060.7946,5846774.776,0
384047.5339,5846765.546,0,384059.8992,5846776.259,0
384046.0667,5846767.156,0,384059.0324,5846777.696,0
384044.8433,5846768.976,0,384058.2019,5846779.072,0
384044.1145,5846771.129,0,384057.6785,5846780.5,0
384043.38,5846773.299,0,384057.2147,5846781.781,0
384042.6335,5846775.505,0,384056.7569,5846783.046,0
384041.893,5846777.693,0,384056.2052,5846784.569,0
384041.1953,5846779.754,0,384055.5833,5846786.287,0
384040.5275,5846781.727,0,384054.9573,5846788.016,0
384039.8603,5846783.698,0,384054.3622,5846789.765,0
384039.1934,5846785.669,0,384053.8216,5846791.538,0
384038.6309,5846787.666,0,384053.2785,5846793.321,0
384038.2431,5846789.704,0,384052.7327,5846795.112,0
384037.8563,5846791.735,0,384052.2261,5846796.92,0
384037.4704,5846793.763,0,384051.7178,5846798.736,0
384037.0853,5846795.786,0,384051.2066,5846800.564,0
384036.701,5846797.805,0,384050.6908,5846802.407,0
384036.3179,5846799.817,0,384050.1705,5846804.267,0
384035.9362,5846801.823,0,384049.6465,5846806.139,0
384035.5554,5846803.824,0,384049.2202,5846808.038,0
384035.1752,5846805.821,0,384048.7972,5846809.946,0
384034.7956,5846807.815,0,384048.3728,5846811.859,0
384034.5183,5846809.822,0,384047.9472,5846813.779,0
384034.2779,5846811.832,0,384047.5206,5846815.703,0
384034.0379,5846813.839,0,384047.093,5846817.631,0
384033.798,5846815.844,0,384046.6646,5846819.563,0
384033.5584,5846817.848,0,384046.3079,5846821.507,0
384033.319,5846819.849,0,384045.97,5846823.456,0
384033.0797,5846821.85,0,384045.6318,5846825.408,0
384032.8406,5846823.85,0,384045.2952,5846827.35,0
384032.6007,5846825.856,0,384044.9613,5846829.275,0
384032.3594,5846827.873,0,384044.6288,5846831.194,0
384032.1174,5846829.896,0,384044.2991,5846833.112,0
384031.8751,5846831.922,0,384043.9913,5846835.029,0
384031.6324,5846833.951,0,384043.6838,5846836.945,0
384031.3892,5846835.985,0,384043.3766,5846838.86,0
384031.1453,5846838.024,0,384043.0696,5846840.772,0
384030.9008,5846840.068,0,384042.7671,5846842.684,0
384030.6554,5846842.12,0,384042.478,5846844.594,0
384030.6201,5846844.188,0,384042.1891,5846846.504,0
384030.7263,5846846.264,0,384041.9003,5846848.412,0
384030.8327,5846848.343,0,384041.6115,5846850.321,0
384030.9392,5846850.426,0,384041.3867,5846852.229,0
384031.0461,5846852.514,0,384041.1939,5846854.132,0
384031.1535,5846854.613,0,384041.0833,5846856.024,0
384031.2618,5846856.73,0,384041.1794,5846857.892,0
384031.3711,5846858.866,0,384041.2752,5846859.754,0
384031.4812,5846861.019,0,384041.5741,5846861.581,0
384031.5926,5846863.196,0,384042.0121,5846863.365,0
384031.7056,5846865.405,0,384042.4451,5846865.13,0
384031.8208,5846867.656,0,384043.0417,5846866.83,0
384032.7897,5846869.722,0,384043.6365,5846868.5,0
384033.7568,5846871.777,0,384044.2232,5846870.148,0
384034.7222,5846873.829,0,384044.9321,5846871.742,0
384035.6823,5846875.869,0,384045.8303,5846873.302,0
384036.6187,5846877.859,0,384046.7444,5846874.889,0
384037.5399,5846879.816,0,384047.7753,5846876.383,0
384038.4715,5846881.796,0,384048.8976,5846877.776,0
384039.42,5846883.812,0,384049.9888,5846879.131,0
384040.5831,5846885.744,0,384051.0484,5846880.446,0
384042.2051,5846887.384,0,384052.2583,5846881.557,0
384043.8377,5846889.035,0,384053.4032,5846882.488,0
384045.5435,5846890.76,0,384054.4671,5846883.353,0
384047.3066,5846892.543,0,384055.6264,5846884.295,0
384049.041,5846894.297,0,384056.9719,5846885.214,0
384050.8528,5846895.824,0,384058.4637,5846886.06,0
384052.9495,5846896.72,0,384060.0099,5846886.936,0
384054.9842,5846897.589,0,384061.5989,5846887.837,0
384056.9793,5846898.441,0,384063.314,5846888.533,0
384058.9483,5846899.282,0,384065.0646,5846889.197,0
384060.8997,5846900.115,0,384066.8332,5846889.868,0
384062.8958,5846900.779,0,384068.6319,5846890.512,0
384064.8915,5846901.385,0,384070.4827,5846891.014,0
384066.8808,5846901.989,0,384072.3205,5846891.513,0
384068.8779,5846902.596,0,384074.1425,5846892.008,0
384070.8864,5846903.206,0,384075.9861,5846892.348,0
384072.9109,5846903.821,0,384077.8131,5846892.628,0
384074.9579,5846904.442,0,384079.6003,5846892.903,0
384077.0454,5846905.035,0,384081.3519,5846893.088,0
384079.2664,5846905.135,0,384083.0413,5846893.195,0
384081.5142,5846905.236,0,384084.6613,5846893.296,0
384083.7877,5846905.337,0,384086.348,5846893.403,0
384086.0058,5846905.437,0,384088.1433,5846893.516,0
384088.1515,5846905.533,0,384089.9606,5846893.533,0
384090.2891,5846905.628,0,384091.7836,5846893.44,0
384092.4273,5846905.699,0,384093.6144,5846893.346,0
384094.5399,5846905.397,0,384095.4549,5846893.251,0
384096.6403,5846905.097,0,384097.3064,5846893.156,0
384098.7316,5846904.799,0,384099.1317,5846892.943,0
384100.8319,5846904.499,0,384100.9154,5846892.649,0
384102.9549,5846904.195,0,384102.6955,5846892.355,0
384105.0856,5846903.891,0,384104.4922,5846892.058,0
384107.2142,5846903.587,0,384106.3068,5846891.759,0
384109.3353,5846903.251,0,384108.084,5846891.262,0
384111.337,5846902.495,0,384109.8494,5846890.693,0
384113.3237,5846901.746,0,384111.6227,5846890.121,0
384115.2989,5846901.001,0,384113.4039,5846889.547,0
384117.2658,5846900.259,0,384115.1695,5846888.978,0
384119.2457,5846899.512,0,384116.8666,5846888.297,0
384121.2455,5846898.758,0,384118.5552,5846887.585,0
384123.2463,5846898.003,0,384120.2589,5846886.867,0
384125.2426,5846897.25,0,384121.9779,5846886.142,0
384127.237,5846896.497,0,384123.6128,5846885.225,0
384129.136,5846895.566,0,384125.2445,5846884.285,0
384130.8938,5846894.394,0,384126.8829,5846883.342,0
384132.6403,5846893.23,0,384128.5282,5846882.394,0
384134.3776,5846892.071,0,384130.1472,5846881.389,0
384136.1078,5846890.918,0,384131.7198,5846880.3,0
384137.8321,5846889.768,0,384133.2901,5846879.213,0
384139.5565,5846888.619,0,384134.8478,5846878.135,0
384141.2903,5846887.463,0,384136.3803,5846877.044,0
384143.0339,5846886.301,0,384137.7683,5846875.77,0
384144.7838,5846885.134,0,384139.1462,5846874.505,0
384146.5417,5846883.962,0,384140.5143,5846873.249,0
384148.3099,5846882.783,0,384141.8723,5846872,0
384150.0908,5846881.596,0,384143.133,5846870.659,0
384151.7231,5846880.216,0,384144.3828,5846869.329,0
384153.1168,5846878.569,0,384145.6227,5846868.01,0
384154.5068,5846876.926,0,384146.8509,5846866.696,0
384155.8949,5846875.286,0,384148.0037,5846865.33,0
384157.2827,5846873.646,0,384149.1219,5846864.004,0
384158.6902,5846871.982,0,384150.1931,5846862.734,0
384160.1308,5846870.28,0,384151.2576,5846861.472,0
384161.5868,5846868.559,0,384152.2128,5846860.101,0
384163.0474,5846866.833,0,384153.121,5846858.672,0
384164.5173,5846865.096,0,384154.0435,5846857.222,0
384166.0002,5846863.343,0,384154.9782,5846855.743,0
384166.7752,5846861.235,0,384155.7537,5846854.161,0
384167.3349,5846859.066,0,384156.539,5846852.559,0
384167.8855,5846856.932,0,384157.3351,5846850.936,0
384168.4292,5846854.825,0,384158.0958,5846849.274,0
384168.9674,5846852.74,0,384158.7763,5846847.564,0
384169.5016,5846850.67,0,384159.4616,5846845.842,0
384170.0343,5846848.606,0,384160.1573,5846844.094,0
384170.5634,5846846.556,0,384160.6559,5846842.248,0
384171.0832,5846844.541,0,384161.1631,5846840.364,0
384171.5953,5846842.557,0,384161.675,5846838.462,0
384172.1039,5846840.586,0,384162.149,5846836.543,0
384172.6107,5846838.622,0,384162.6153,5846834.616,0
384173.1162,5846836.663,0,384162.9075,5846832.651,0
384173.6211,5846834.707,0,384163.1921,5846830.683,0
384173.9489,5846832.719,0,384163.4593,5846828.71,0
384174.2484,5846830.729,0,384163.7266,5846826.735,0
384174.5475,5846828.74,0,384163.994,5846824.76,0
384174.8465,5846826.753,0,384164.2754,5846822.786,0
384175.1453,5846824.767,0,384164.5624,5846820.812,0
384175.4439,5846822.782,0,384164.8495,5846818.839,0
384175.7424,5846820.798,0,384165.1367,5846816.864,0
384176.0409,5846818.814,0,384165.4239,5846814.889,0
384176.3392,5846816.831,0,384165.6951,5846812.911,0
384176.6375,5846814.849,0,384165.9647,5846810.933,0
384176.9357,5846812.866,0,384166.2343,5846808.954,0
384177.2338,5846810.885,0,384166.5039,5846806.975,0
384177.5319,5846808.903,0,384166.7735,5846804.996,0
384177.83,5846806.922,0,384167.0307,5846803.014,0
384178.128,5846804.941,0,384167.2522,5846801.026,0
384178.426,5846802.96,0,384167.4736,5846799.039,0
384178.724,5846800.979,0,384167.695,5846797.051,0
384179.0219,5846798.999,0,384167.9165,5846795.062,0
384179.3198,5846797.019,0,384168.1379,5846793.074,0
384179.6177,5846795.039,0,384168.3727,5846791.088,0
384179.9156,5846793.059,0,384168.6259,5846789.105,0
384180.2134,5846791.079,0,384168.8791,5846787.122,0
384180.5113,5846789.099,0,384169.1324,5846785.139,0
384180.8091,5846787.12,0,384169.3856,5846783.156,0
384181.1069,5846785.14,0,384169.6389,5846781.173,0
384181.4047,5846783.161,0,384169.8921,5846779.19,0
384181.7351,5846781.187,0,384170.1488,5846777.207,0
384182.0829,5846779.216,0,384170.4068,5846775.225,0
384182.4307,5846777.245,0,384170.6974,5846773.248,0
384182.7785,5846775.274,0,384171.0093,5846771.274,0
384183.1263,5846773.304,0,384171.3212,5846769.301,0
384183.4741,5846771.333,0,384171.6331,5846767.327,0
384183.8218,5846769.362,0,384171.945,5846765.353,0
384184.1696,5846767.391,0,384172.2569,5846763.379,0
384184.5173,5846765.421,0,384172.5936,5846761.41,0
384184.8651,5846763.45,0,384172.9307,5846759.44,0
384185.2129,5846761.48,0,384173.2679,5846757.47,0
384185.5606,5846759.509,0,384173.605,5846755.5,0
384185.9083,5846757.539,0,384173.9422,5846753.53,0
384186.2561,5846755.568,0,384174.28,5846751.561,0
384186.6038,5846753.597,0,384174.6599,5846749.598,0
384186.9516,5846751.627,0,384175.0399,5846747.634,0
384187.2992,5846749.657,0,384175.4202,5846745.67,0
384187.6468,5846747.687,0,384175.8007,5846743.704,0
384187.9942,5846745.718,0,384176.1811,5846741.738,0
384188.3417,5846743.75,0,384176.5616,5846739.772,0
384188.6891,5846741.781,0,384176.9417,5846737.807,0
384189.0365,5846739.812,0,384177.3207,5846735.841,0
384189.3839,5846737.843,0,384177.6997,5846733.875,0
384189.7314,5846735.875,0,384178.0787,5846731.909,0
384190.0788,5846733.906,0,384178.4577,5846729.942,0
384190.4262,5846731.937,0,384178.8367,5846727.976,0
384190.7736,5846729.969,0,384179.2158,5846726.01,0
384191.121,5846728,0,384179.5956,5846724.044,0
384191.452,5846726.029,0,384179.9754,5846722.078,0
384191.7806,5846724.058,0,384180.3552,5846720.112,0
384192.1092,5846722.086,0,384180.7386,5846718.147,0
384192.4377,5846720.114,0,384181.1306,5846716.183,0
384192.7663,5846718.143,0,384181.5227,5846714.219,0
384193.0949,5846716.171,0,384181.9147,5846712.254,0
384193.4235,5846714.2,0,384182.3068,5846710.29,0
384193.752,5846712.229,0,384182.6989,5846708.326,0
384194.0806,5846710.257,0,384183.091,5846706.362,0
384194.4091,5846708.286,0,384183.4831,5846704.398,0
384194.7377,5846706.315,0,384183.8602,5846702.431,0
384195.0662,5846704.344,0,384184.232,5846700.463,0
384195.3947,5846702.373,0,384184.6038,5846698.495,0
384195.7232,5846700.402,0,384184.9757,5846696.527,0
384196.0517,5846698.431,0,384185.3475,5846694.559,0
384196.3802,5846696.46,0,384185.7194,5846692.591,0
384196.7087,5846694.489,0,384186.0913,5846690.623,0
384197.0372,5846692.518,0,384186.4632,5846688.655,0
384197.3656,5846690.547,0,384186.8222,5846686.684,0
384197.694,5846688.577,0,384187.1705,5846684.711,0
384198.0225,5846686.606,0,384187.5188,5846682.739,0
384198.3509,5846684.636,0,384187.8672,5846680.766,0
384198.6793,5846682.665,0,384188.2156,5846678.793,0
384199.0076,5846680.695,0,384188.564,5846676.819,0
384199.336,5846678.725,0,384188.9124,5846674.846,0
384199.6643,5846676.755,0,384189.2609,5846672.872,0
384199.9926,5846674.785,0,384189.6094,5846670.898,0
384200.3209,5846672.815,0,384189.9654,5846668.925,0
384200.6492,5846670.846,0,384190.3475,5846666.957,0
384200.9774,5846668.877,0,384190.7297,5846664.988,0
384201.3056,5846666.907,0,384191.1119,5846663.019,0
384201.6337,5846664.939,0,384191.4942,5846661.049,0
384202.0326,5846662.983,0,384191.8766,5846659.079,0
384202.4664,5846661.034,0,384192.259,5846657.109,0
384202.9,5846659.086,0,384192.6416,5846655.138,0
384203.3335,5846657.138,0,384193.0243,5846653.166,0
384203.7669,5846655.191,0,384193.4072,5846651.193,0
384204.2,5846653.245,0,384193.7924,5846649.22,0
384204.6329,5846651.3,0,384194.1784,5846647.246,0
384205.0656,5846649.356,0,384194.5645,5846645.27,0
384205.498,5846647.414,0,384194.9511,5846643.293,0
384205.93,5846645.473,0,384195.338,5846641.313,0
384206.3615,5846643.534,0,384195.7256,5846639.331,0
384206.7925,5846641.598,0,384196.1139,5846637.344,0
384207.2227,5846639.665,0,384196.5017,5846635.36,0
384207.6533,5846637.73,0,384196.8865,5846633.392,0
384208.0869,5846635.783,0,384197.2981,5846631.442,0
384208.5228,5846633.824,0,384197.7154,5846629.495,0
384208.9589,5846631.865,0,384198.1324,5846627.549,0
384209.3952,5846629.904,0,384198.5492,5846625.604,0
384209.8188,5846627.94,0,384198.9656,5846623.66,0
384210.2196,5846625.97,0,384199.3817,5846621.719,0
384210.6207,5846623.998,0,384199.8356,5846619.788,0
384211.0223,5846622.024,0,384200.2965,5846617.861,0
384211.4245,5846620.046,0,384200.7171,5846615.931,0
384211.8276,5846618.064,0,384201.0773,5846613.998,0
384212.2322,5846616.075,0,384201.4351,5846612.077,0
384212.6236,5846614.071,0,384201.8262,5846610.186,0
384213.0039,5846612.043,0,384202.2737,5846608.361,0
384213.3946,5846609.959,0,384202.4655,5846606.821,0
384213.3831,5846607.535,0,384202.5202,5846605.822,0
384213.2617,5846604.664,0,384202.3964,5846604.837,0
384213.1365,5846601.701,0,384202.1845,5846603.436,0
384212.1188,5846599.3,0,384201.8347,5846601.821,0
384211.0821,5846597.132,0,384201.1386,5846600.297,0
384210.0608,5846594.996,0,384200.274,5846599.001,0
384208.819,5846592.818,0,384199.1355,5846598.025,0
384207.2186,5846590.781,0,384197.9438,5846597.086,0
384205.6345,5846588.765,0,384196.5664,5846596.325,0
384203.5584,5846587.372,0,384195.1711,5846595.554,0
384201.5278,5846586.07,0,384193.7053,5846594.827,0
384199.4618,5846584.953,0,384192.0435,5846594.054,0
384197.4751,5846584.096,0,384190.098,5846593.181,0
384195.6572,5846583.458,0,384187.9485,5846592.324,0
384193.9809,5846582.772,0,384185.7332,5846591.356,0
384192.3879,5846582.006,0,384183.4547,5846590.179,0
384191.0278,5846581.011,0,384181.141,5846588.641,0
384189.7909,5846580.022,0,384178.8197,5846586.578,0
384188.829,5846578.966,0,384176.6189,5846583.999,0
384188.061,5846577.89,0,384174.8269,5846581.069,0
384187.4832,5846576.676,0,384173.4714,5846578.017,0
384187.4374,5846575.232,0,384172.6866,5846574.948,0
384187.4799,5846573.745,0,384172.3389,5846572.013,0
384187.5245,5846572.184,0,384172.3239,5846569.381,0
384187.5863,5846570.474,0,384172.6134,5846567.065,0
384187.6623,5846568.624,0,384173.0293,5846564.903,0
384187.8091,5846566.716,0,384173.4327,5846562.805,0
384188.1074,5846564.799,0,384173.8642,5846560.748,0
384188.4079,5846562.867,0,384174.2943,5846558.715,0
384188.7441,5846560.93,0,384174.7212,5846556.697,0
384189.1018,5846558.991,0,384175.1457,5846554.69,0
384189.4604,5846557.048,0,384175.5626,5846552.69,0
384189.8195,5846555.101,0,384175.9718,5846550.695,0
384190.1791,5846553.152,0,384176.38,5846548.705,0
384190.5391,5846551.201,0,384176.7868,5846546.722,0
384190.8997,5846549.246,0,384177.1884,5846544.764,0
384191.2627,5846547.278,0,384177.5852,5846542.83,0
384191.6281,5846545.297,0,384177.948,5846540.896,0
384191.9941,5846543.313,0,384178.3018,5846538.965,0
384192.3606,5846541.327,0,384178.6545,5846537.04,0
384192.7278,5846539.337,0,384179.0059,5846535.122,0
384193.0957,5846537.342,0,384179.2082,5846533.191,0
384193.4649,5846535.341,0,384179.3904,5846531.273,0
384193.8356,5846533.332,0,384179.5705,5846529.378,0
384194.2087,5846531.309,0,384179.636,5846527.505,0
384194.5858,5846529.265,0,384179.6144,5846525.69,0
384194.6717,5846527.154,0,384179.5945,5846524.018,0
384194.6717,5846524.972,0,384179.5774,5846522.584,0
384194.6717,5846522.686,0,384179.5554,5846521.217,0
384194.6717,5846520.37,0,384179.4483,5846519.71,0
384194.6717,5846518.113,0,384179.333,5846518.086,0
384194.6362,5846515.899,0,384179.2118,5846516.38,0
384194.0988,5846513.796,0,384178.9516,5846514.638,0
384193.5707,5846511.73,0,384178.6541,5846512.86,0
384193.0491,5846509.689,0,384178.3513,5846511.051,0
384192.5318,5846507.665,0,384178.0443,5846509.217,0
384192.0176,5846505.653,0,384177.5309,5846507.427,0
384191.5042,5846503.644,0,384177.016,5846505.646,0
384190.9897,5846501.63,0,384176.5043,5846503.875,0
384190.4732,5846499.609,0,384175.9957,5846502.116,0
384189.9542,5846497.579,0,384175.4571,5846500.378,0
384189.4321,5846495.536,0,384174.6139,5846498.768,0
384188.581,5846493.597,0,384173.7838,5846497.182,0
384187.6951,5846491.668,0,384172.9674,5846495.622,0
384186.8069,5846489.734,0,384172.1787,5846494.116,0
384185.9091,5846487.78,0,384171.4255,5846492.677,0
384184.9966,5846485.793,0,384170.6796,5846491.252,0
384184.0783,5846483.793,0,384169.9187,5846489.798,0
384183.161,5846481.796,0,384169.1421,5846488.315,0
384182.2357,5846479.801,0,384168.198,5846486.905,0
384180.8157,5846478.142,0,384167.2381,5846485.478,0
384179.4121,5846476.503,0,384166.2647,5846484.031,0
384178.021,5846474.878,0,384165.2777,5846482.563,0
384176.6394,5846473.264,0,384164.2205,5846481.117,0
384175.2666,5846471.66,0,384163.0885,5846479.697,0
384173.9022,5846470.067,0,384161.9434,5846478.26,0
384172.5428,5846468.479,0,384160.7885,5846476.811,0
384171.1855,5846466.894,0,384159.6242,5846475.351,0
384169.8296,5846465.31,0,384158.4508,5846473.879,0
384168.4572,5846463.744,0,384157.0232,5846472.651,0
384166.8759,5846462.396,0,384155.5894,5846471.423,0
384165.3002,5846461.053,0,384154.1521,5846470.193,0
384163.7294,5846459.714,0,384152.7114,5846468.96,0
384162.1624,5846458.379,0,384151.2671,5846467.723,0
384160.5985,5846457.046,0,384149.7821,5846466.55,0
384159.0311,5846455.71,0,384148.2761,5846465.483,0
384157.4433,5846454.357,0,384146.8158,5846464.449,0
384155.8338,5846452.985,0,384145.3816,5846463.433,0
384154.2099,5846451.601,0,384143.9759,5846462.437,0
384152.5667,5846450.201,0,384142.5257,5846461.581,0
384150.8969,5846448.777,0,384141.0912,5846460.805,0
384149.1898,5846447.323,0,384139.7164,5846460.062,0
384147.1956,5846446.255,0,384138.4101,5846459.355,0
384144.9619,5846445.585,0,384137.1825,5846458.691,0
384142.7146,5846444.911,0,384135.9706,5846458.2,0
384140.4485,5846444.231,0,384134.5713,5846457.852,0
384138.2555,5846443.573,0,384132.9026,5846457.437,0
384136.1954,5846442.955,0,384131.0934,5846456.988,0
384134.2031,5846442.357,0,384129.2338,5846456.525,0
384132.2336,5846441.768,0,384127.3488,5846456.056,0
384130.2246,5846441.44,0,384125.4468,5846455.593,0
384128.2245,5846441.113,0,384123.5214,5846455.201,0
384126.2302,5846440.788,0,384121.5894,5846454.806,0
384124.2398,5846440.463,0,384119.6527,5846454.411,0
384122.2522,5846440.138,0,384117.7124,5846454.015,0
384120.2668,5846439.814,0,384115.7693,5846453.619,0
384118.283,5846439.49,0,384113.8239,5846453.222,0
384116.3005,5846439.167,0,384111.8767,5846452.825,0
384114.319,5846438.843,0,384109.9279,5846452.427,0
384112.3384,5846438.52,0,384107.9767,5846452.036,0
384110.3585,5846438.196,0,384106.0212,5846451.663,0
384108.3791,5846437.873,0,384104.0648,5846451.29,0
384106.4003,5846437.55,0,384102.1076,5846450.917,0
384104.4219,5846437.227,0,384100.1498,5846450.544,0
384102.4438,5846436.904,0,384098.1913,5846450.171,0
384100.4661,5846436.581,0,384096.2323,5846449.798,0
384098.4887,5846436.259,0,384094.2729,5846449.424,0
384096.5115,5846435.936,0,384092.313,5846449.051,0
384094.5345,5846435.613,0,384090.3527,5846448.677,0
384092.5578,5846435.29,0,384088.392,5846448.303,0
384090.5812,5846434.967,0,384086.4311,5846447.93,0
384088.6047,5846434.645,0,384084.4703,5846447.556,0
384086.6282,5846434.322,0,384082.5098,5846447.182,0
384084.6514,5846433.999,0,384080.5497,5846446.809,0
384082.6744,5846433.677,0,384078.5898,5846446.435,0
384080.6971,5846433.354,0,384076.6303,5846446.062,0
384078.7196,5846433.031,0,384074.671,5846445.688,0
384076.7419,5846432.708,0,384072.7122,5846445.315,0
384074.7638,5846432.385,0,384070.7537,5846444.942,0
384072.7854,5846432.062,0,384068.7958,5846444.569,0
384070.8066,5846431.739,0,384066.8384,5846444.196,0
384068.8274,5846431.416,0,384064.8816,5846443.823,0
384066.8476,5846431.093,0,384062.9255,5846443.45,0
384064.8672,5846430.769,0,384060.9703,5846443.077,0
384062.886,5846430.446,0,384059.0116,5846442.735,0
384060.9039,5846430.122,0,384057.0442,5846442.461,0
384058.9208,5846429.798,0,384055.0788,5846442.186,0
384056.9362,5846429.474,0,384053.1157,5846441.912,0
384054.9499,5846429.15,0,384051.1557,5846441.639,0
384052.9614,5846428.826,0,384049.1905,5846441.432,0
384050.97,5846428.5,0,384047.2081,5846441.399,0
384048.9744,5846428.175,0,384045.2357,5846441.367,0
384046.973,5846427.848,0,384043.2785,5846441.335,0
384044.9625,5846427.52,0,384041.3461,5846441.303,0
384042.9369,5846427.189,0,384039.46,5846441.272,0
384040.858,5846427.094,0,384037.6839,5846441.336,0
384038.7023,5846427.164,0,384036.2976,5846441.398,0
384036.35,5846427.24,0,384035.2546,5846441.444,0
384033.8255,5846427.321,0,384034.2238,5846441.489,0
384031.249,5846427.404,0,384033.1294,5846441.538,0
384028.5898,5846427.49,0,384031.9895,5846441.719,0
384026.278,5846428.682,0,384030.7716,5846441.991,0
384024.2274,5846430.201,0,384029.3965,5846442.297,0
384022.2702,5846431.651,0,384027.7037,5846442.675,0
384020.4459,5846433.002,0,384025.7488,5846443.111,0
384018.7255,5846434.276,0,384024.0093,5846443.904,0
384017.0133,5846435.545,0,384022.3515,5846444.815,0
384015.3102,5846436.846,0,384020.8798,5846445.945,0
384013.8247,5846438.406,0,384019.4542,5846447.12,0
384012.3368,5846439.968,0,384018.2387,5846448.385,0
384010.7902,5846441.592,0,384017.1581,5846449.611,0
384009.1562,5846443.308,0,384016.2978,5846450.974,0
384007.4829,5846445.064,0,384015.4247,5846452.357,0
384006.0314,5846446.98,0,384014.707,5846453.862,0
384005.2584,5846449.235,0,384014.0671,5846455.432,0
384004.5078,5846451.424,0,384013.7413,5846457.099,0
384003.7602,5846453.604,0,384013.5285,5846458.634,0
384002.9769,5846455.889,0,384013.3924,5846460.042,0
384002.152,5846458.295,0,384013.4567,5846461.458,0
384001.301,5846460.777,0,384013.5213,5846462.878,0
384001.0154,5846463.342,0,384013.6294,5846464.334,0
384001.8328,5846465.794,0,384014.0219,5846465.794,0
384002.6094,5846468.124,0,384014.4237,5846467.289,0
384003.3589,5846470.372,0,384014.8318,5846468.807,0
384004.0977,5846472.589,0,384015.4957,5846470.201,0
384004.8456,5846474.832,0,384016.3308,5846471.433,0
384005.6174,5846477.148,0,384017.1219,5846472.6,0
384006.4258,5846479.573,0,384018.0162,5846473.62,0
384007.5004,5846481.99,0,384018.9363,5846474.548,0
384009.809,5846483.433,0,384019.8427,5846475.462,0
384012.018,5846484.814,0,384020.8219,5846476.361,0
384014.1482,5846486.145,0,384022.0684,5846477.133,0
384016.1767,5846487.413,0,384023.4456,5846477.986,0
384018.122,5846488.629,0,384024.9415,5846478.773,0
384020.0418,5846489.829,0,384026.5886,5846479.332,0
384021.9625,5846490.996,0,384028.265,5846479.9,0
384024.1143,5846491.502,0,384030.0022,5846480.375,0
384026.2266,5846491.999,0,384031.8041,5846480.703,0
384028.3102,5846492.489,0,384033.6175,5846481.032,0
384030.373,5846492.975,0,384035.4417,5846481.364,0
384032.4206,5846493.456,0,384037.2775,5846481.698,0
384034.4564,5846493.935,0,384039.139,5846482.036,0
384036.4737,5846494.41,0,384041.0326,5846482.38,0
384038.4701,5846494.88,0,384042.9489,5846482.715,0
384040.4536,5846495.347,0,384044.8776,5846483.052,0
384042.4296,5846495.812,0,384046.8144,5846483.39,0
384044.4008,5846496.275,0,384048.757,5846483.73,0
384046.3856,5846496.646,0,384050.7039,5846484.07,0
384048.3822,5846496.934,0,384052.654,5846484.41,0
384050.3762,5846497.222,0,384054.6068,5846484.752,0
384052.3682,5846497.51,0,384056.5616,5846485.093,0
384054.3585,5846497.797,0,384058.5182,5846485.435,0
384056.3475,5846498.084,0,384060.4762,5846485.777,0
384058.3355,5846498.371,0,384062.4349,5846486.122,0
384060.3225,5846498.658,0,384064.3943,5846486.47,0
384062.3087,5846498.944,0,384066.3546,5846486.817,0
384064.2944,5846499.231,0,384068.3157,5846487.165,0
384066.2794,5846499.518,0,384070.2775,5846487.512,0
384068.264,5846499.804,0,384072.24,5846487.86,0
384070.2482,5846500.09,0,384074.2029,5846488.208,0
384072.232,5846500.377,0,384076.1664,5846488.556,0
384074.2155,5846500.663,0,384078.1302,5846488.904,0
384076.1987,5846500.949,0,384080.0945,5846489.252,0
384078.1816,5846501.235,0,384082.0592,5846489.6,0
384080.1644,5846501.522,0,384084.0274,5846489.949,0
384082.1449,5846501.807,0,384086.01,5846490.3,0
384084.1168,5846502.092,0,384088.0049,5846490.654,0
384086.0813,5846502.376,0,384090.0015,5846491.013,0
384088.0445,5846502.659,0,384091.9997,5846491.373,0
384090.0066,5846502.943,0,384094.0001,5846491.734,0
384091.9614,5846503.264,0,384096.0032,5846492.096,0
384093.9148,5846503.584,0,384098.0093,5846492.458,0
384095.8668,5846503.904,0,384100.0192,5846492.821,0
384097.8172,5846504.224,0,384102.0335,5846493.184,0
384099.7659,5846504.543,0,384104.0533,5846493.549,0
384101.7127,5846504.863,0,384106.0797,5846493.915,0
384103.6575,5846505.181,0,384108.1143,5846494.282,0
384105.6001,5846505.5,0,384110.1562,5846494.665,0
384107.5403,5846505.818,0,384112.2111,5846495.051,0
384109.4778,5846506.135,0,384114.2832,5846495.44,0
384111.4124,5846506.453,0,384116.3786,5846495.834,0
384113.344,5846506.769,0,384118.5066,5846496.233,0
384115.2722,5846507.085,0,384120.5807,5846496.955,0
384117.1971,5846507.401,0,384122.7001,5846497.707,0
384118.9583,5846508.166,0,384124.8163,5846498.703,0
384120.561,5846509.216,0,384127.0423,5846499.789,0
384122.08,5846510.212,0,384129.3577,5846501.307,0
384123.4066,5846511.187,0,384131.7952,5846503.025,0
384124.4783,5846512.233,0,384133.7064,5846504.88,0
384125.65,5846513.376,0,384135.3341,5846506.526,0
384126.9551,5846514.649,0,384136.9946,5846508.205,0
384128.1857,5846515.961,0,384138.4151,5846510.169,0
384129.2842,5846517.342,0,384139.8487,5846512.198,0
384130.1979,5846518.801,0,384141.3365,5846514.305,0
384130.9296,5846520.294,0,384142.5253,5846516.688,0
384131.6305,5846521.724,0,384143.5549,5846519.142,0
384132.2346,5846523.198,0,384144.2461,5846521.638,0
384132.7813,5846524.743,0,384144.7588,5846524.111,0
384133.3461,5846526.34,0,384145.209,5846526.542,0
384133.6231,5846528.04,0,384145.4302,5846528.954,0
384133.8579,5846529.779,0,384145.6104,5846531.327,0
384134.0427,5846531.557,0,384145.5358,5846533.686,0
384133.9701,5846533.353,0,384145.4487,5846536.069,0
384133.898,5846535.133,0,384145.0288,5846538.45,0
384133.7177,5846536.888,0,384144.597,5846540.836,0
384133.3688,5846538.606,0,384144.057,5846543.213,0
384132.9617,5846540.3,0,384143.3807,5846545.567,0
384132.2538,5846541.893,0,384142.5534,5846547.878,0
384131.5558,5846543.463,0,384141.4244,5846550.042,0
384130.8572,5846545.035,0,384140.3277,5846552.144,0
384130.0081,5846546.574,0,384139.129,5846554.119,0
384129.125,5846548.136,0,384137.9228,5846556.054,0
384128.2305,5846549.718,0,384136.6556,5846557.919,0
384127.3236,5846551.322,0,384135.2509,5846559.655,0
384126.1018,5846552.721,0,384133.8615,5846561.372,0
384124.8696,5846554.118,0,384132.4833,5846563.076,0
384123.6326,5846555.521,0,384130.9961,5846564.653,0
384122.3857,5846556.934,0,384129.4731,5846566.137,0
384121.1195,5846558.369,0,384127.9665,5846567.606,0
384119.8174,5846559.792,0,384126.3909,5846569.022,0
384118.4567,5846561.143,0,384124.7731,5846570.418,0
384117.1067,5846562.484,0,384123.1396,5846571.827,0
384115.7576,5846563.799,0,384121.473,5846573.247,0
384114.2697,5846564.918,0,384119.6455,5846574.544,0
384112.8199,5846566.008,0,384117.7943,5846575.858,0
384111.3996,5846567.076,0,384115.9522,5846577.153,0
384109.9669,5846568.153,0,384114.1179,5846578.376,0
384108.496,5846569.258,0,384112.3112,5846579.58,0
384106.9152,5846570.255,0,384110.5224,5846580.773,0
384105.2593,5846571.167,0,384108.6764,5846581.826,0
384103.5889,5846572.087,0,384106.8371,5846582.86,0
384101.906,5846573.014,0,384104.9848,5846583.902,0
384100.1868,5846573.852,0,384103.0095,5846584.778,0
384098.4549,5846574.598,0,384101.0081,5846585.65,0
384096.7393,5846575.336,0,384098.9952,5846586.519,0
384095.0272,5846576.073,0,384096.8917,5846587.166,0
384093.3154,5846576.81,0,384094.7858,5846587.814,0
384091.5477,5846577.379,0,384092.6737,5846588.464,0
384089.7309,5846577.755,0,384090.5508,5846589.117,0
384087.9264,5846578.129,0,384088.389,5846589.655,0
384086.1297,5846578.501,0,384086.1935,5846590.038,0
384084.3329,5846578.872,0,384084.0001,5846590.42,0
384082.5196,5846579.175,0,384081.8049,5846590.802,0
384080.6991,5846579.478,0,384079.6036,5846591.185,0
384078.8671,5846579.783,0,384077.3824,5846591.262,0
384077.0102,5846579.808,0,384075.1668,5846591.249,0
384075.1517,5846579.799,0,384072.9585,5846591.237,0
384073.2896,5846579.79,0,384070.7521,5846591.224,0
384071.428,5846579.673,0,384068.5336,5846591.168,0
384069.5756,5846579.523,0,384066.3208,5846590.875,0
384067.7313,5846579.373,0,384064.1054,5846590.581,0
384065.8914,5846579.181,0,384061.8854,5846590.287,0
384064.0644,5846578.891,0,384059.6564,5846589.992,0
384062.2351,5846578.594,0,384057.4947,5846589.387,0
384060.4529,5846578.087,0,384055.3517,5846588.733,0
384058.6724,5846577.58,0,384053.2116,5846588.079,0
384056.9065,5846577.02,0,384051.0819,5846587.341,0
384055.161,5846576.429,0,384048.9758,5846586.442,0
384053.4324,5846575.843,0,384046.8628,5846585.541,0
384051.7603,5846575.125,0,384044.7631,5846584.645,0
384050.1228,5846574.301,0,384042.6803,5846583.734,0
384048.4732,5846573.472,0,384040.79,5846582.514,0
384046.8726,5846572.529,0,384038.9177,5846581.305,0
384045.3366,5846571.466,0,384037.0585,5846580.105,0
384043.7963,5846570.397,0,384035.3189,5846578.76,0
384042.2496,5846569.323,0,384033.647,5846577.355,0
384040.6942,5846568.242,0,384031.9928,5846575.965,0
384039.2175,5846567.039,0,384030.3884,5846574.552,0
384037.7764,5846565.774,0,384028.8397,5846573.099,0
384036.3297,5846564.504,0,384027.3004,5846571.656,0
384034.9222,5846563.182,0,384025.7685,5846570.219,0
384033.5164,5846561.851,0,384024.2425,5846568.788,0
384032.1073,5846560.517,0,384022.7212,5846567.361,0
384030.7195,5846559.155,0,384021.2038,5846565.938,0
384029.3338,5846557.785,0,384019.8047,5846564.404,0
384027.9454,5846556.413,0,384018.4416,5846562.845,0
384026.5905,5846555.003,0,384017.0826,5846561.29,0
384025.3304,5846553.5,0,384015.7271,5846559.739,0
384024.0699,5846551.997,0,384014.3765,5846558.194,0
384022.8075,5846550.491,0,384013.1318,5846556.631,0
384021.5903,5846548.887,0,384011.9509,5846555.11,0
384020.4092,5846547.165,0,384010.7855,5846553.609,0
384019.1401,5846545.479,0,384009.5911,5846552.15,0
384017.7815,5846543.847,0,384008.4021,5846550.703,0
384016.4036,5846542.191,0,384007.2144,5846549.276,0
384014.9057,5846540.608,0,384005.7857,5846548.168,0
384013.2059,5846539.188,0,384004.3999,5846547.093,0
384011.4628,5846537.732,0,384003.0003,5846546.166,0
384009.4148,5846536.563,0,384001.6654,5846545.361,0
384007.1972,5846535.492,0,384000.4286,5846544.616,0
384004.8909,5846534.377,0,383998.941,5846544.121,0
384002.636,5846533.447,0,383997.241,5846543.735,0
384000.4307,5846532.924,0,383995.5605,5846543.461,0
383998.2049,5846532.397,0,383993.9575,5846543.358,0
383995.8878,5846531.907,0,383992.5189,5846543.266,0
383993.3889,5846531.943,0,383991.1908,5846543.182,0
383990.8456,5846531.98,0,383989.8217,5846543.294,0
383988.327,5846532.016,0,383988.3475,5846543.496,0
383985.8742,5846532.168,0,383986.7707,5846543.712,0
383983.6547,5846533.048,0,383985.2123,5846544.195,0
383981.4973,5846533.902,0,383983.8215,5846544.652,0
383979.2099,5846534.809,0,383982.4618,5846545.099,0
383976.8395,5846535.748,0,383981.0095,5846545.852,0
383974.5847,5846536.641,0,383979.4229,5846546.681,0
383972.7737,5846537.982,0,383977.9249,5846547.758,0
383971.1155,5846539.398,0,383976.5308,5846549.023,0
383969.4924,5846540.784,0,383975.1198,5846550.304,0
383967.8907,5846542.151,0,383973.8098,5846551.72,0
383966.3562,5846543.565,0,383972.5094,5846553.159,0
383964.9299,5846545.073,0,383971.2047,5846554.603,0
383963.5129,5846546.571,0,383969.9707,5846556.131,0
383962.1042,5846548.061,0,383968.7718,5846557.748,0
383960.7213,5846549.523,0,383967.5422,5846559.406,0
383959.3675,5846550.955,0,383966.2977,5846561.085,0
383958.0558,5846552.41,0,383964.9747,5846562.707,0
383956.8444,5846553.964,0,383963.5746,5846564.279,0
383955.6354,5846555.516,0,383962.1533,5846565.875,0
383954.3185,5846556.936,0,383960.4296,5846567.188,0
383952.9283,5846558.246,0,383958.617,5846568.486,0
383951.4787,5846559.432,0,383956.6882,5846569.821,0
383950.0589,5846560.543,0,383954.3154,5846571.007,0
383948.5489,5846561.172,0,383951.6617,5846572.334,0
383947.2816,5846561.67,0,383948.9909,5846573.139,0
383945.865,5846562.057,0,383946.5141,5846573.799,0
383944.2907,5846562.414,0,383943.7667,5846574.141,0
383942.8279,5846562.535,0,383940.8832,5846574.141,0
383941.4556,5846562.524,0,383938.0608,5846574.141,0
383940.0106,5846562.464,0,383935.4707,5846573.538,0
383938.5064,5846562.058,0,383932.827,5846572.905,0
383937.041,5846561.638,0,383930.2383,5846571.604,0
383935.7114,5846561.16,0,383927.7339,5846570.241,0
383934.3825,5846560.545,0,383925.5979,5846568.652,0
383933.0927,5846559.612,0,383923.6082,5846567.071,0
383931.8258,5846558.516,0,383921.8166,5846565.261,0
383930.672,5846557.303,0,383920.1402,5846563.28,0
383929.6256,5846556.034,0,383918.5353,5846561.259,0
383928.6531,5846554.687,0,383917.0807,5846559.167,0
383927.8306,5846553.214,0,383915.6339,5846557.086,0
383927.1102,5846551.661,0,383914.3082,5846554.981,0
383926.3735,5846550.074,0,383913.1765,5846552.916,0
383925.8122,5846548.334,0,383912.0772,5846550.911,0
383925.2902,5846546.537,0,383910.9496,5846548.854,0
383924.7739,5846544.759,0,383910.1488,5846546.619,0
383924.3212,5846542.995,0,383909.5009,5846544.243,0
383923.9599,5846541.254,0,383908.7033,5846541.319,0
383923.7223,5846539.758,0,383907.9246,5846538.163,0
383923.5367,5846538.305,0,383907.6306,5846535.544,0
383923.3119,5846536.544,0,383907.3695,5846533.217,0
383923.1677,5846534.637,0,383907.7133,5846531.051,0
383923.2257,5846532.699,0,383908.0975,5846528.948,0
383923.2844,5846530.738,0,383908.4753,5846526.881,0
383923.5924,5846528.794,0,383908.8491,5846524.835,0
383923.941,5846526.849,0,383909.2202,5846522.805,0
383924.2903,5846524.9,0,383909.5972,5846520.786,0
383924.6281,5846522.947,0,383909.982,5846518.777,0
383924.9618,5846520.991,0,383910.3655,5846516.775,0
383925.2959,5846519.033,0,383910.7481,5846514.777,0
383925.6302,5846517.074,0,383911.13,5846512.784,0
383925.9647,5846515.113,0,383911.5112,5846510.793,0
383926.2994,5846513.151,0,383911.8918,5846508.806,0
383926.6342,5846511.189,0,383912.272,5846506.821,0
383926.9692,5846509.225,0,383912.6503,5846504.846,0
383927.3048,5846507.258,0,383913.0259,5846502.885,0
383927.6415,5846505.284,0,383913.4003,5846500.93,0
383927.9786,5846503.309,0,383913.7746,5846498.976,0
383928.3157,5846501.333,0,383914.1488,5846497.022,0
383928.6968,5846499.363,0,383914.5229,5846495.069,0
383929.0788,5846497.393,0,383914.8958,5846493.117,0
383929.461,5846495.423,0,383915.2488,5846491.163,0
383929.8433,5846493.452,0,383915.6016,5846489.209,0
383930.2258,5846491.48,0,383915.9542,5846487.258,0
383930.6084,5846489.507,0,383916.3064,5846485.307,0
383930.9913,5846487.533,0,383916.6583,5846483.359,0
383931.3744,5846485.558,0,383917.0098,5846481.413,0
383931.7579,5846483.581,0,383917.3608,5846479.47,0
383932.1417,5846481.602,0,383917.7112,5846477.53,0
383932.526,5846479.62,0,383918.0608,5846475.595,0
383932.8568,5846477.628,0,383918.4094,5846473.665,0
383933.1137,5846475.622,0,383918.7566,5846471.743,0
383933.3713,5846473.611,0,383919.0286,5846469.822,0
383933.6296,5846471.594,0,383919.2725,5846467.915,0
383933.8893,5846469.567,0,383919.5128,5846466.038,0
383934.1511,5846467.522,0,383919.7477,5846464.202,0
383934.3338,5846465.445,0,383919.9785,5846462.398,0
383934.4738,5846463.344,0,383920.2074,5846460.61,0
383934.6146,5846461.232,0,383920.3863,5846458.836,0
383934.7565,5846459.104,0,383920.3112,5846457.083,0
383934.8997,5846456.955,0,383920.2376,5846455.365,0
383935.045,5846454.777,0,383920.1301,5846453.688,0
383934.8477,5846452.585,0,383920.0189,5846452.056,0
383934.641,5846450.367,0,383919.9109,5846450.473,0
383934.4307,5846448.111,0,383919.6154,5846448.874,0
383933.8354,5846445.947,0,383919.2224,5846447.157,0
383933.2366,5846443.881,0,383918.8193,5846445.396,0
383932.6471,5846441.846,0,383918.229,5846443.733,0
383932.0508,5846439.788,0,383917.6476,5846442.144,0
383931.4241,5846437.7,0,383917.1033,5846440.656,0
383930.4982,5846435.655,0,383916.4992,5846439.315,0
383929.553,5846433.568,0,383915.8766,5846437.955,0
383928.615,5846431.496,0,383915.1994,5846436.476,0
383927.7016,5846429.479,0,383914.3717,5846434.98,0
383926.5986,5846427.616,0,383913.4232,5846433.489,0
383925.3822,5846425.862,0,383912.4492,5846431.967,0
383924.1808,5846424.131,0,383911.2282,5846430.657,0
383922.97,5846422.385,0,383910.0968,5846429.444,0
383921.7231,5846420.588,0,383909.0046,5846428.326,0
383920.4456,5846418.746,0,383907.8737,5846427.318,0
383919.1436,5846416.869,0,383906.7882,5846426.349,0
383917.5195,5846415.241,0,383905.7431,5846425.417,0
383915.6158,5846413.891,0,383904.7577,5846424.588,0
383913.6867,5846412.523,0,383903.9388,5846423.997,0
383911.6481,5846411.077,0,383903.144,5846423.424,0
383909.5557,5846409.593,0,383902.1073,5846422.676,0
383907.5122,5846408.144,0,383900.8746,5846421.787,0
383905.2342,5846407.555,0,383899.4467,5846420.984,0
383903.005,5846407.123,0,383897.8995,5846420.2,0
383900.8369,5846406.703,0,383896.2699,5846419.404,0
383898.7077,5846406.291,0,383894.5341,5846418.862,0
383896.6041,5846405.884,0,383892.7744,5846418.312,0
383894.5054,5846405.477,0,383890.9999,5846417.986,0
383892.3812,5846405.066,0,383889.244,5846417.667,0
383890.2162,5846404.758,0,383887.4791,5846417.559,0
383888.0216,5846404.69,0,383885.7239,5846417.493,0
383885.8183,5846404.622,0,383883.9786,5846417.475,0
383883.6009,5846404.554,0,383882.252,5846417.63,0
383881.3661,5846404.533,0,383880.5405,5846417.784,0
383879.1532,5846404.939,0,383878.8615,5846418.093,0
383876.9441,5846405.345,0,383877.2171,5846418.498,0
383874.7323,5846405.751,0,383875.5979,5846418.943,0
383872.5346,5846406.251,0,383873.9609,5846419.59,0
383870.4558,5846406.967,0,383872.2243,5846420.276,0
383868.4655,5846407.651,0,383870.5026,5846421.081,0
383866.4959,5846408.329,0,383868.8567,5846422.007,0
383864.512,5846409.012,0,383867.2565,5846422.907,0
383862.5062,5846409.702,0,383865.8115,5846424.003,0
383860.4746,5846410.427,0,383864.5325,5846425.154,0
383858.5227,5846411.485,0,383863.4216,5846426.154,0
383856.5084,5846412.578,0,383862.4625,5846427.047,0
383854.4411,5846413.699,0,383861.5173,5846427.936,0
383852.3712,5846414.822,0,383860.5166,5846428.877,0
383850.3414,5846415.97,0,383859.4623,5846429.868,0
383848.7709,5846417.635,0,383858.5425,5846431.098,0
383847.2389,5846419.26,0,383857.6253,5846432.375,0
383845.73,5846420.86,0,383856.7199,5846433.636,0
383844.222,5846422.459,0,383855.9361,5846434.946,0
383842.7034,5846424.069,0,383855.2152,5846436.277,0
383841.1753,5846425.69,0,383854.5021,5846437.594,0
383839.7479,5846427.403,0,383853.8989,5846438.97,0
383838.7317,5846429.393,0,383853.3902,5846440.389,0
383837.7246,5846431.366,0,383852.875,5846441.826,0
383836.7287,5846433.316,0,383852.3258,5846443.358,0
383835.7534,5846435.226,0,383851.8352,5846444.99,0
383834.7902,5846437.112,0,383851.4633,5846446.649,0
383833.8232,5846439.006,0,383851.0987,5846448.274,0
383832.9269,5846440.942,0,383850.7414,5846449.867,0
383832.2882,5846442.988,0,383850.4071,5846451.43,0
383831.6489,5846445.035,0,383850.1298,5846452.764,0
383830.9881,5846447.152,0,383849.8597,5846454.063,0
383830.3238,5846449.28,0,383849.5252,5846455.672,0
383829.6893,5846451.312,0,383849.1547,5846457.454,0
383829.0861,5846453.294,0,383848.7711,5846459.3,0
383828.7334,5846455.305,0,383848.3806,5846461.178,0
383828.3829,5846457.305,0,383847.9861,5846463.076,0
383828.0336,5846459.297,0,383847.589,5846464.986,0
383827.6852,5846461.284,0,383847.2028,5846466.908,0
383827.3374,5846463.268,0,383846.8596,5846468.844,0
383826.9899,5846465.25,0,383846.5156,5846470.785,0
383826.6428,5846467.23,0,383846.1709,5846472.73,0
383826.2959,5846469.208,0,383845.8257,5846474.677,0
383825.9531,5846471.186,0,383845.4801,5846476.627,0
383825.6322,5846473.168,0,383845.1341,5846478.58,0
383825.3114,5846475.148,0,383844.7878,5846480.533,0
383824.9907,5846477.128,0,383844.4412,5846482.489,0
383824.6702,5846479.107,0,383844.0945,5846484.445,0
383824.3497,5846481.086,0,383843.7475,5846486.403,0
383824.0292,5846483.064,0,383843.4004,5846488.361,0
383823.7088,5846485.042,0,383843.0531,5846490.321,0
383823.3885,5846487.02,0,383842.7057,5846492.281,0
383823.0682,5846488.998,0,383842.3582,5846494.241,0
383822.7479,5846490.975,0,383842.0107,5846496.202,0
383822.4276,5846492.952,0,383841.6637,5846498.16,0
383822.1072,5846494.931,0,383841.3171,5846500.115,0
383821.7867,5846496.91,0,383840.9706,5846502.07,0
383821.4661,5846498.889,0,383840.6243,5846504.024,0
383821.1454,5846500.869,0,383840.2783,5846505.976,0
383820.8247,5846502.849,0,383839.9324,5846507.928,0
383820.5039,5846504.829,0,383839.5869,5846509.877,0
383820.183,5846506.811,0,383839.2416,5846511.825,0
383819.862,5846508.792,0,383838.8967,5846513.771,0
383819.5408,5846510.775,0,383838.5522,5846515.715,0
383819.2156,5846512.758,0,383838.2082,5846517.656,0
383818.8867,5846514.742,0,383837.8648,5846519.594,0
383818.5577,5846516.727,0,383837.5221,5846521.527,0
383818.2283,5846518.713,0,383837.1803,5846523.456,0
383817.8986,5846520.702,0,383836.8396,5846525.378,0
383817.5684,5846522.694,0,383836.5003,5846527.292,0
383817.2376,5846524.689,0,383836.2266,5846529.203,0
383816.906,5846526.689,0,383836.0015,5846531.104,0
383816.5732,5846528.697,0,383835.7793,5846532.981,0
383816.2386,5846530.715,0,383835.5618,5846534.818,0
383815.9012,5846532.75,0,383835.3525,5846536.585,0
383815.838,5846534.842,0,383835.4496,5846538.214,0
383815.9513,5846537.003,0,383835.5572,5846539.385,0
383816.0721,5846539.307,0,383835.6517,5846540.414,0
383816.1944,5846541.64,0,383835.7747,5846541.753,0
383816.3111,5846543.867,0,383835.9088,5846543.213,0
383816.4261,5846546.061,0,383836.0446,5846544.692,0
383816.6514,5846548.245,0,383836.1826,5846546.195,0
383817.2828,5846550.347,0,383836.3232,5846547.726,0
383817.9093,5846552.432,0,383836.6339,5846549.229,0
383818.5336,5846554.511,0,383836.9934,5846550.697,0
383819.1604,5846556.597,0,383837.3509,5846552.157,0
383819.7901,5846558.693,0,383837.7149,5846553.644,0
383820.4213,5846560.794,0,383838.2968,5846555.067,0
383821.1865,5846562.844,0,383838.9001,5846556.503,0
383822.3082,5846564.721,0,383839.5125,5846557.961,0
383823.4206,5846566.583,0,383840.1349,5846559.443,0
383824.5265,5846568.434,0,383840.982,5846560.806,0
383825.6305,5846570.281,0,383841.832,5846562.159,0
383826.7365,5846572.132,0,383842.6821,5846563.513,0
383827.8461,5846573.989,0,383843.6094,5846564.816,0
383828.9609,5846575.854,0,383844.6879,5846566.002,0
383830.3478,5846577.519,0,383845.764,5846567.186,0
383831.8618,5846579.071,0,383846.8405,5846568.37,0
383833.3686,5846580.615,0,383847.9211,5846569.559,0
383834.8706,5846582.154,0,383849.012,5846570.756,0
383836.3693,5846583.69,0,383850.3061,5846571.759,0
383837.8668,5846585.225,0,383851.6023,5846572.763,0
383839.3658,5846586.761,0,383852.9029,5846573.771,0
383840.8682,5846588.301,0,383854.2823,5846574.693,0
383842.6491,5846589.499,0,383855.7461,5846575.508,0
383844.4235,5846590.684,0,383857.2106,5846576.325,0
383846.1898,5846591.864,0,383858.6938,5846577.151,0
383847.9449,5846593.036,0,383860.2181,5846578.001,0
383849.684,5846594.198,0,383861.8995,5846578.593,0
383851.4236,5846595.36,0,383863.5459,5846579.067,0
383853.1867,5846596.537,0,383865.0484,5846579.5,0
383854.9896,5846597.741,0,383866.3107,5846579.864,0
383857.0047,5846598.718,0,383867.0608,5846580.08,0
383859.2579,5846599.544,0,383867.5754,5846580.245,0
383861.5673,5846600.391,0,383868.6443,5846580.654,0
383863.7172,5846601.179,0,383870.2462,5846581.266,0
383865.7599,5846601.676,0,383871.9822,5846581.93,0
383867.7842,5846602.043,0,383873.771,5846582.615,0
383869.7903,5846602.406,0,383875.5838,5846583.308,0
383871.7886,5846602.768,0,383877.4192,5846584.01,0
383873.7796,5846603.129,0,383879.2762,5846584.721,0
383875.7633,5846603.488,0,383881.1458,5846585.436,0
383877.7427,5846603.847,0,383883.0231,5846586.154,0
383879.7197,5846604.205,0,383884.914,5846586.818,0
383881.6957,5846604.563,0,383886.8491,5846587.256,0
383883.6707,5846604.92,0,383888.7888,5846587.696,0
383885.6438,5846605.278,0,383890.732,5846588.137,0
383887.6158,5846605.635,0,383892.6769,5846588.578,0
383889.5904,5846605.972,0,383894.6229,5846589.02,0
383891.5647,5846606.309,0,383896.5574,5846589.535,0
383893.5383,5846606.646,0,383898.478,5846590.139,0
383895.5113,5846606.983,0,383900.3994,5846590.743,0
383897.484,5846607.32,0,383902.3215,5846591.348,0
383899.4565,5846607.657,0,383904.2444,5846591.952,0
383901.4286,5846607.994,0,383906.1678,5846592.557,0
383903.4005,5846608.331,0,383908.0915,5846593.162,0
383905.3723,5846608.668,0,383910.0155,5846593.767,0
383907.344,5846609.005,0,383911.9396,5846594.372,0
383909.3156,5846609.341,0,383913.8639,5846594.977,0
383911.2871,5846609.678,0,383915.8021,5846595.504,0
383913.2586,5846610.015,0,383917.7411,5846596.026,0
383915.2301,5846610.352,0,383920.1205,5846596.741,0
383916.9522,5846610.646,0,383920.6273,5846596.836,0
