track_id,inner_x,inner_y,inner_z,outer_x,outer_y,outer_z,
2,333716.0761,5870942.712,13.125,333707.7904,5870953.748,12.96700001,
2,333720.0746,5870945.714,13.10900021,333711.8015,5870956.734,12.97500038,
2,333724.073,5870948.716,13.11100006,333715.8127,5870959.719,12.97299957,
2,333728.0714,5870951.718,13.10700035,333719.8238,5870962.704,12.96399975,
2,333732.0699,5870954.72,13.07199955,333723.8349,5870965.689,12.93999958,
2,333736.0683,5870957.722,13.08899975,333727.846,5870968.674,12.96700001,
2,333740.0668,5870960.724,13.08100033,333731.8572,5870971.66,12.96100044,
2,333744.0652,5870963.727,13.08699989,333735.8683,5870974.645,12.95100021,
2,333748.0636,5870966.729,13.07499981,333739.8794,5870977.63,12.9460001,
2,333752.0621,5870969.731,13.06999969,333743.8906,5870980.615,12.93799973,
2,333756.0605,5870972.733,13.07600021,333747.9017,5870983.6,12.93400002,
2,333760.059,5870975.735,13.03199959,333751.9128,5870986.585,12.9460001,
2,333764.0574,5870978.737,13.03800011,333755.9239,5870989.571,12.93299961,
2,333768.0559,5870981.739,13.03499985,333759.9351,5870992.556,12.92300034,
2,333772.0543,5870984.741,13.03100014,333763.9462,5870995.541,12.89799976,
2,333776.0527,5870987.743,13.04599953,333767.9573,5870998.526,12.90100002,
2,333780.0512,5870990.745,13.00199986,333771.9684,5871001.511,12.89999962,
2,333784.0496,5870993.747,13.00399971,333775.9795,5871004.496,12.88199997,
2,333788.0481,5870996.749,13.00199986,333779.9906,5871007.482,12.87699986,
2,333792.0466,5870999.752,13.02000046,333784.0017,5871010.467,12.88399982,
2,333796.045,5871002.754,13.03600025,333788.0128,5871013.452,12.875,
2,333800.0433,5871005.756,13.01099968,333792.0242,5871016.437,12.8760004,
2,333804.0413,5871008.757,13.01799965,333796.0361,5871019.423,12.89400005,
2,333808.0389,5871011.759,13.01200008,333800.0487,5871022.409,12.88000011,
2,333812.0379,5871014.758,13.00699997,333804.0615,5871025.396,12.87300014,
2,333816.0384,5871017.756,13.01000023,333808.0741,5871028.382,12.91499996,
2,333820.0393,5871020.753,13.02000046,333812.086,5871031.368,12.89000034,
2,333824.0406,5871023.752,13.01399994,333816.0973,5871034.353,12.87800026,
2,333828.0419,5871026.75,12.99600029,333820.1084,5871037.338,12.90999985,
2,333832.0434,5871029.748,13,333824.1194,5871040.323,12.88199997,
2,333836.0447,5871032.746,13.00300026,333828.1291,5871043.31,12.90299988,
2,333840.0461,5871035.744,13.01399994,333832.1345,5871046.303,12.9119997,
2,333844.0475,5871038.742,13.02200031,333836.1399,5871049.296,12.90999985,
2,333848.0488,5871041.741,13.01099968,333840.1453,5871052.289,12.94299984,
2,333852.0501,5871044.739,13.01599979,333844.1507,5871055.282,12.93599987,
2,333856.0515,5871047.737,13.0369997,333848.1561,5871058.275,12.93500042,
2,333860.053,5871050.735,13.06299973,333852.1612,5871061.267,12.9289999,
2,333864.0549,5871053.734,13.05900002,333856.1657,5871064.259,12.92700005,
2,333868.0572,5871056.733,13.02999973,333860.1695,5871067.251,12.93900013,
2,333872.058,5871059.734,13.01299953,333864.173,5871070.243,12.91499996,
2,333876.0572,5871062.737,12.9989996,333868.1769,5871073.234,12.93500042,
2,333880.056,5871065.739,12.99199963,333872.1815,5871076.227,12.93900013,
2,333884.0544,5871068.742,12.97399998,333876.1866,5871079.219,12.93999958,
2,333888.0527,5871071.744,12.9829998,333880.192,5871082.212,12.94400024,
2,333892.0509,5871074.746,12.97399998,333884.1974,5871085.205,12.94799995,
2,333896.0492,5871077.748,12.95600033,333888.2029,5871088.198,12.95100021,
2,333900.0475,5871080.751,12.95899963,333892.2083,5871091.191,12.94499969,
2,333904.0458,5871083.753,12.95499992,333896.2136,5871094.184,12.94799995,
2,333908.0441,5871086.755,12.91399956,333900.219,5871097.176,12.93000031,
2,333912.0424,5871089.758,12.89500046,333904.2244,5871100.169,12.92599964,
2,333916.0407,5871092.76,12.86499977,333908.2298,5871103.162,12.89099979,
2,333920.039,5871095.762,12.8579998,333912.2287,5871106.163,12.8760004,
2,333924.0374,5871098.764,12.83699989,333916.2269,5871109.166,12.8579998,
2,333928.0358,5871101.767,12.74400043,333920.2248,5871112.168,12.82400036,
2,333932.0343,5871104.769,12.69999981,333924.2227,5871115.17,12.81700039,
2,333936.0327,5871107.771,12.68999958,333928.2207,5871118.173,12.77799988,
2,333940.0304,5871110.773,12.65299988,333932.2198,5871121.176,12.77499962,
2,333944.0268,5871113.774,12.63000011,333936.2213,5871124.181,12.73700047,
2,333948.0214,5871116.774,12.57400036,333940.2255,5871127.188,12.71199989,
2,333952.0206,5871119.765,12.52400017,333944.2312,5871130.196,12.69200039,
2,333956.0278,5871122.748,12.47399998,333948.2359,5871133.203,12.64599991,
2,333960.0366,5871125.731,12.40600014,333952.2379,5871136.208,12.625,
2,333964.047,5871128.716,12.34799957,333956.2374,5871139.212,12.60999966,
2,333968.0581,5871131.701,12.32499981,333960.2355,5871142.214,12.59899998,
2,333972.0694,5871134.686,12.29100037,333964.2334,5871145.216,12.56700039,
2,333976.0807,5871137.671,12.22299957,333968.2314,5871148.219,12.5539999,
2,333980.0918,5871140.656,12.19999981,333972.2526,5871151.19,12.51900005,
2,333984.1029,5871143.642,12.16699982,333976.276,5871154.159,12.49699974,
2,333988.114,5871146.627,12.10400009,333980.2995,5871157.127,12.4630003,
2,333992.1251,5871149.612,12.06099987,333984.323,5871160.096,12.43900013,
2,333996.1362,5871152.597,12.03999996,333988.3465,5871163.064,12.39900017,
2,334000.1473,5871155.582,12.01299953,333992.37,5871166.033,12.41499996,
2,334004.1587,5871158.567,11.9630003,333996.3931,5871169.001,12.39099979,
2,334008.1711,5871161.554,11.89900017,334000.4144,5871171.968,12.37199974,
2,334012.1858,5871164.541,11.90499973,334004.4318,5871174.932,12.37800026,
2,334016.2035,5871167.531,11.86200047,334008.4439,5871177.892,12.38000011,
2,334020.22,5871170.521,11.83199978,334012.4571,5871180.853,12.35299969,
2,334024.2215,5871173.499,11.82800007,334016.4922,5871183.83,12.38099957,
2,334028.1868,5871176.45,11.76399994,334020.5811,5871186.846,12.37300014,
2,334032.096,5871179.359,11.73999977,334024.7557,5871189.927,12.37800026,
2,334036.0938,5871181.961,11.71100044,334029.0596,5871193.102,12.36800003,
2,334040.1101,5871184.223,11.67800045,334033.6395,5871196.356,12.37100029,
2,334043.9559,5871186.388,11.67500019,334038.73,5871199.653,12.36200047,
2,334047.9236,5871187.783,11.68400002,334044.8484,5871201.803,12.38199997,
2,334051.9445,5871188.485,11.68400002,334051.5922,5871202.697,12.40200043,
2,334055.9479,5871187.926,11.69400024,334058.455,5871202.191,12.3739996,
2,334059.9425,5871186.956,11.69900036,334064.8349,5871200.159,12.39900017,
2,334063.669,5871184.825,11.69099998,334070.2778,5871196.953,12.38599968,
2,334067.3517,5871182.298,11.71800041,334075.1844,5871193.734,12.38500023,
2,334071.1821,5871179.669,11.71199989,334079.4403,5871190.137,12.39099979,
2,334074.8283,5871176.609,11.7130003,334083.5498,5871186.663,12.38199997,
2,334078.3637,5871173.329,11.69999981,334087.5909,5871183.246,12.3739996,
2,334081.9298,5871170.02,11.71500015,334091.5937,5871179.863,12.35200024,
2,334085.3969,5871166.558,11.70100021,334095.5658,5871176.505,12.33399963,
2,334088.7791,5871162.968,11.65799999,334099.4797,5871173.153,12.3210001,
2,334092.1809,5871159.357,11.64400005,334103.355,5871169.828,12.31000042,
2,334095.5965,5871155.732,11.64599991,334107.2028,5871166.528,12.29800034,
2,334099.0236,5871152.094,11.6079998,334111.0217,5871163.252,12.27099991,
2,334102.4764,5871148.429,11.57999992,334114.7646,5871160.041,12.25899982,
2,334105.9801,5871144.71,11.54399967,334118.3484,5871156.967,12.23200035,
2,334109.5488,5871140.922,11.55700016,334121.7428,5871154.055,12.23400021,
2,334113.4791,5871137.452,11.5710001,334125.047,5871151.22,12.22700024,
2,334117.677,5871134.378,11.58199978,334128.4351,5871148.314,12.22700024,
2,334121.7974,5871131.361,11.5880003,334132.0114,5871145.246,12.20899963,
2,334125.8564,5871128.388,11.60499954,334135.7496,5871142.04,12.20600033,
2,334129.8863,5871125.437,11.60700035,334139.563,5871138.768,12.1789999,
2,334133.9126,5871122.489,11.60200024,334143.3862,5871135.489,12.17500019,
2,334137.9459,5871119.536,11.60999966,334147.2074,5871132.24,12.16399956,
2,334141.9879,5871116.576,11.625,334151.0128,5871129.01,12.1789999,
2,334146.0338,5871113.613,11.65200043,334154.81,5871125.787,12.15799999,
2,334150.0616,5871110.664,11.66699982,334158.6376,5871122.539,12.13099957,
2,334154.029,5871107.758,11.66499996,334162.5637,5871119.207,12.13599968,
2,334157.8948,5871104.928,11.69099998,334166.6529,5871115.736,12.10099983,
2,334161.5548,5871102.059,11.70199966,334170.9439,5871112.094,12.13799953,
2,334164.5036,5871098.667,11.67099953,334175.4581,5871108.21,12.13199997,
2,334167.3609,5871095.38,11.70300007,334179.7515,5871103.611,12.13799953,
2,334169.6855,5871091.768,11.68900013,334183.1031,5871098.04,12.14900017,
2,334171.0481,5871087.675,11.66699982,334185.6554,5871092.072,12.15499973,
2,334171.8714,5871083.295,11.6619997,334187.0546,5871086.102,12.1260004,
2,334172.3426,5871078.597,11.66300011,334187.5546,5871080.59,12.12100029,
2,334172.7617,5871073.632,11.6590004,334187.9201,5871075.62,12.13500023,
2,334173.449,5871068.574,11.67500019,334188.2691,5871070.873,12.13599968,
2,334174.5899,5871063.639,11.68299961,334188.6498,5871066.012,12.15200043,
2,334175.704,5871058.819,11.69099998,334189.0542,5871060.915,12.16499996,
2,334176.182,5871053.971,11.70499992,334189.4685,5871055.693,12.17599964,
2,334176.6426,5871049.112,11.70699978,334189.8798,5871050.508,12.17599964,
2,334177.1087,5871044.193,11.71800041,334190.2829,5871045.427,12.19799995,
2,334177.5794,5871039.228,11.70100021,334190.6797,5871040.425,12.21100044,
2,334178.0518,5871034.244,11.71100044,334191.0743,5871035.451,12.21700001,
2,334178.5242,5871029.26,11.69799995,334191.4689,5871030.477,12.21899986,
2,334178.9963,5871024.28,11.69699955,334191.864,5871025.497,12.21500015,
2,334179.4681,5871019.301,11.69999981,334192.2593,5871020.513,12.22500038,
2,334179.9399,5871014.323,11.7130003,334192.6548,5871015.529,12.23799992,
2,334180.4117,5871009.346,11.70899963,334193.0689,5871010.545,12.23700047,
2,334180.8836,5871004.368,11.71500015,334193.4831,5871005.562,12.23900032,
2,334181.3554,5870999.39,11.71800041,334193.8972,5871000.58,12.23700047,
2,334181.8273,5870994.412,11.71199989,334194.3114,5870995.598,12.24300003,
2,334182.2992,5870989.433,11.72099972,334194.7255,5870990.616,12.25399971,
2,334182.7709,5870984.455,11.72500038,334195.1397,5870985.633,12.2489996,
2,334183.2424,5870979.482,11.70300007,334195.5544,5870980.644,12.26799965,
2,334183.7132,5870974.514,11.72000027,334195.9699,5870975.645,12.27999973,
2,334184.1837,5870969.55,11.70199966,334196.3859,5870970.641,12.28299999,
2,334184.5885,5870964.58,11.72099972,334196.6805,5870965.628,12.27400017,
2,334184.9882,5870959.607,11.71700001,334196.9655,5870960.62,12.29100037,
2,334185.387,5870954.646,11.70199966,334197.2513,5870955.598,12.29199982,
2,334185.7508,5870949.731,11.68200016,334197.5406,5870950.514,12.27700043,
2,334186.0382,5870944.908,11.68500042,334197.8372,5870945.302,12.28899956,
2,334186.2106,5870940.206,11.69499969,334197.9018,5870939.903,12.28100014,
2,334186.0608,5870935.612,11.70699978,334197.6488,5870934.336,12.29699993,
2,334185.2009,5870931.166,11.71199989,334196.6181,5870928.762,12.26200008,
2,334184.0823,5870926.797,11.71500015,334195.1484,5870923.279,12.25899982,
2,334182.4801,5870922.559,11.69900036,334193.1528,5870917.998,12.27499962,
2,334180.4364,5870918.489,11.67099953,334190.8536,5870912.874,12.26299953,
2,334178.0972,5870914.572,11.67500019,334187.7789,5870908.196,12.26900005,
2,334175.482,5870910.838,11.68000031,334184.6153,5870903.576,12.26799965,
2,334172.5052,5870907.398,11.67700005,334180.7711,5870899.482,12.27999973,
2,334169.173,5870904.314,11.66300011,334176.5824,5870895.753,12.26299953,
2,334165.6064,5870901.509,11.65799999,334172.2549,5870892.193,12.2159996,
2,334161.8404,5870898.965,11.68700027,334167.3119,5870889.551,12.21199989,
2,334157.7451,5870896.993,11.65699959,334162.4032,5870886.928,12.21700001,
2,334153.575,5870895.188,11.6590004,334157.3665,5870884.5,12.22799969,
2,334149.2156,5870893.879,11.62699986,334151.8857,5870883.397,12.20499992,
2,334144.7469,5870893.005,11.6420002,334146.4622,5870882.305,12.20499992,
2,334140.2306,5870892.488,11.6260004,334140.9938,5870881.205,12.20800018,
2,334135.7017,5870892.314,11.65999985,334135.4021,5870881.444,12.18500042,
2,334131.1934,5870892.627,11.64799976,334129.8157,5870881.78,12.16899967,
2,334126.7488,5870893.48,11.61400032,334124.2406,5870882.45,12.20400047,
2,334122.3098,5870894.613,11.63199997,334118.9749,5870884.191,12.19200039,
2,334117.9597,5870896.359,11.64400005,334113.8489,5870885.886,12.19999981,
2,334113.5743,5870898.337,11.6260004,334108.9879,5870887.829,12.18999958,
2,334109.0969,5870900.357,11.59899998,334104.3432,5870889.94,12.22299957,
2,334104.6176,5870902.435,11.64299965,334099.7287,5870892.038,12.19900036,
2,334100.1933,5870904.49,11.62199974,334095.1403,5870894.364,12.20199966,
2,334095.8531,5870906.506,11.65699959,334090.6406,5870897.117,12.16399956,
2,334091.8668,5870908.983,11.59599972,334086.0648,5870899.916,12.16499996,
2,334088.1013,5870911.669,11.61699963,334081.4104,5870902.764,12.14099979,
2,334084.4935,5870914.49,11.60099983,334076.805,5870905.884,12.18599987,
2,334081.1953,5870917.62,11.58600044,334073.2163,5870910.203,12.13799953,
2,334078.315,5870921.119,11.61100006,334069.6507,5870914.495,12.14700031,
2,334075.7893,5870924.889,11.60299969,334066.0659,5870918.81,12.16899967,
2,334073.5396,5870928.855,11.57900047,334063.5845,5870923.804,12.14299965,
2,334071.6388,5870933.016,11.60200024,334061.6001,5870928.97,12.14400005,
2,334070.1877,5870937.346,11.60200024,334059.6189,5870934.127,12.15600014,
2,334068.9085,5870941.711,11.52600002,334057.8212,5870939.422,12.16600037,
2,334068.2657,5870946.191,11.56400013,334057.6212,5870945.05,12.15699959,
2,334068.0057,5870950.699,11.58100033,334057.4237,5870950.607,12.12699986,
2,334068.1093,5870955.235,11.58699989,334057.226,5870956.171,12.14599991,
2,334068.9494,5870959.724,11.61499977,334057.2545,5870961.78,12.17500019,
2,334069.7901,5870964.215,11.61800003,334059.0592,5870967.069,12.13599968,
2,334071.1388,5870968.576,11.62899971,334060.8465,5870972.308,12.14299965,
2,334072.6847,5870972.896,11.625,334062.6359,5870977.553,12.17800045,
2,334075.0949,5870976.885,11.61600018,334064.9392,5870982.508,12.17500019,
2,334077.5563,5870980.959,11.69699955,334067.8356,5870986.954,12.11600018,
2,334080.1506,5870985.091,11.76599979,334070.6442,5870991.266,12.08899975,
2,334082.882,5870989.223,11.80799961,334073.3779,5870995.517,12.02799988,
2,334085.63,5870993.381,11.84399986,334076.0766,5870999.749,11.97799969,
2,334088.379,5870997.541,11.93900013,334078.7752,5871003.981,11.89799976,
2,334091.1227,5871001.692,11.99600029,334081.481,5871008.224,11.84000015,
2,334093.8919,5871005.83,12.06799984,334084.2365,5871012.424,11.75800037,
2,334096.701,5871010,12.14299965,334086.9555,5871016.554,11.70899963,
2,334099.5729,5871014.262,12.20199966,334089.5788,5871020.54,11.67700005,
2,334102.5409,5871018.667,12.22099972,334092.0819,5871024.343,11.68900013,
2,334104.791,5871023.632,12.25899982,334094.0946,5871028.207,11.68799973,
2,334106.8699,5871028.771,12.25599957,334095.3765,5871032.236,11.71800041,
2,334107.8638,5871034.264,12.23600006,334096.4543,5871036.255,11.70300007,
2,334108.862,5871039.78,12.26099968,334097.1277,5871040.358,11.74400043,
2,334108.4434,5871045.366,12.17599964,334097.1277,5871044.524,11.75500011,
2,334107.8838,5871050.911,12.20600033,334096.5423,5871048.65,11.72200012,
2,334106.2648,5871056.257,12.23400021,334095.4644,5871052.634,11.72200012,
2,334104.1498,5871061.479,12.26399994,334093.9209,5871056.334,11.73700047,
2,334101.7654,5871066.804,12.25,334092.1016,5871059.754,11.73799992,
2,334097.3661,5871070.745,12.24800014,334089.8818,5871062.845,11.77900028,
2,334092.9747,5871074.679,12.24800014,334087.0535,5871065.317,11.77299976,
2,334087.6047,5871077.285,12.28199959,334083.8284,5871067.119,11.75399971,
2,334081.7605,5871078.928,12.28999996,334080.345,5871067.91,11.74100018,
2,334075.5861,5871078.852,12.22500038,334076.9403,5871067.667,11.75,
2,334069.3098,5871078.026,12.27999973,334073.6764,5871066.908,11.74100018,
2,334064.3187,5871074.323,12.25599957,334070.8471,5871064.824,11.71000004,
2,334060.0991,5871070.385,12.22000027,334068.174,5871062.11,11.71800041,
2,334056.4298,5871066.351,12.20899963,334065.3773,5871058.928,11.70899963,
2,334053.351,5871062.126,12.15600014,334062.3225,5871055.451,11.71899986,
2,334050.3535,5871058.014,12.17099953,334059.2318,5871051.703,11.72599983,
2,334047.3911,5871053.949,12.15600014,334056.3519,5871047.676,11.75399971,
2,334044.5256,5871049.838,12.18799973,334053.4535,5871043.624,11.75300026,
2,334041.6746,5871045.712,12.17700005,334050.5567,5871039.574,11.82699966,
2,334038.8119,5871041.569,12.19400024,334047.6851,5871035.536,11.82400036,
2,334035.9325,5871037.401,12.21800041,334045.0331,5871031.392,11.82999992,
2,334033.1282,5871033.156,12.23200035,334042.3964,5871027.272,11.86800003,
2,334030.5277,5871028.781,12.24499989,334039.7603,5871023.153,11.93000031,
2,334027.9341,5871024.418,12.22500038,334037.1146,5871019.019,11.91499996,
2,334025.3452,5871020.062,12.25,334034.6827,5871014.743,11.95199966,
2,334022.8783,5871015.643,12.26500034,334032.268,5871010.45,11.96500015,
2,334020.5024,5871011.176,12.26299953,334029.8517,5871006.155,11.98999977,
2,334018.1248,5871006.706,12.28499985,334027.4365,5871001.861,12.01000023,
2,334015.7412,5871002.225,12.28499985,334025.1068,5870997.534,12.01399994,
2,334013.562,5870997.628,12.28600025,334023.0305,5870993.095,12.04300022,
2,334011.3839,5870993.024,12.28999996,334020.958,5870988.664,12.08199978,
2,334009.3266,5870988.364,12.26500034,334018.8921,5870984.23,12.08399963,
2,334007.3279,5870983.683,12.23400021,334016.9211,5870979.746,12.10499954,
2,334005.4472,5870978.969,12.22299957,334014.9416,5870975.243,12.12199974,
2,334003.681,5870974.238,12.19999981,334012.9956,5870970.692,12.14700031,
2,334001.9223,5870969.528,12.17099953,334011.0545,5870966.113,12.18599987,
2,334000.1637,5870964.817,12.16399956,334009.2296,5870961.488,12.2130003,
2,333998.3975,5870960.086,12.13399982,334007.5444,5870956.834,12.20699978,
2,333996.6484,5870955.325,12.11999989,334005.8664,5870952.2,12.22399998,
2,333995.1281,5870950.492,12.09200001,334004.2745,5870947.528,12.29399967,
2,333993.6215,5870945.703,12.0880003,334002.722,5870942.799,12.3409996,
2,333992.1323,5870940.979,12.11100006,334001.1497,5870938.01,12.34500027,
2,333990.6603,5870936.309,12.09599972,333999.5597,5870933.166,12.35000038,
2,333988.8953,5870931.775,12.08899975,333997.9586,5870928.289,12.36499977,
2,333987.0391,5870927.283,12.08899975,333996.0139,5870923.536,12.35599995,
2,333985.1776,5870922.778,12.08399963,333994.0465,5870918.805,12.36200047,
2,333983.0763,5870918.361,12.09700012,333991.9045,5870914.169,12.34799957,
2,333980.8725,5870913.983,12.10400009,333989.5869,5870909.63,12.3579998,
2,333978.6709,5870909.61,12.09899998,333987.2433,5870905.103,12.36100006,
2,333976.4736,5870905.245,12.10299969,333984.741,5870900.647,12.36400032,
2,333973.9556,5870901.062,12.09599972,333982.2373,5870896.188,12.35000038,
2,333971.3858,5870896.898,12.0880003,333979.7374,5870891.736,12.37800026,
2,333968.8058,5870892.718,12.0909996,333976.9758,5870887.465,12.33199978,
2,333966.135,5870888.572,12.08899975,333974.1653,5870883.25,12.36600018,
2,333963.3209,5870884.495,12.10299969,333971.3672,5870879.052,12.3579998,
2,333960.5052,5870880.388,12.09799957,333968.5754,5870874.881,12.3409996,
2,333957.6977,5870876.25,12.09300041,333965.7061,5870870.787,12.33199978,
2,333954.8864,5870872.107,12.08199978,333962.8405,5870866.697,12.31200027,
2,333952.0768,5870867.967,12.09899998,333959.973,5870862.605,12.3210001,
2,333949.2715,5870863.833,12.09000015,333957.1123,5870858.5,12.31999969,
2,333946.4706,5870859.705,12.10999966,333954.2773,5870854.368,12.31000042,
2,333943.6607,5870855.589,12.10200024,333951.4398,5870850.232,12.32199955,
2,333940.8115,5870851.498,12.12199974,333948.603,5870846.098,12.31700039,
2,333937.959,5870847.403,12.1239996,333945.7691,5870841.968,12.3210001,
2,333935.1032,5870843.303,12.10299969,333942.9384,5870837.842,12.30099964,
2,333932.2454,5870839.2,12.10200024,333940.1095,5870833.719,12.29699993,
2,333929.3871,5870835.097,12.08500004,333937.2811,5870829.597,12.28299999,
2,333926.529,5870830.994,12.07999992,333934.431,5870825.489,12.29500008,
2,333923.6711,5870826.891,12.09000015,333931.5722,5870821.387,12.29300022,
2,333920.8133,5870822.788,12.10299969,333928.7133,5870817.285,12.27299976,
2,333917.9554,5870818.685,12.09899998,333925.8543,5870813.183,12.29100037,
2,333915.0976,5870814.582,12.09000015,333922.9957,5870809.081,12.29500008,
2,333912.2399,5870810.48,12.08899975,333920.1398,5870804.977,12.2840004,
2,333909.3821,5870806.377,12.09799957,333917.2839,5870800.873,12.29699993,
2,333906.5241,5870802.274,12.09799957,333914.428,5870796.768,12.29500008,
2,333903.6661,5870798.172,12.10200024,333911.5721,5870792.664,12.28100014,
2,333900.8081,5870794.069,12.11900043,333908.7162,5870788.56,12.30700016,
2,333897.95,5870789.966,12.09799957,333905.8593,5870784.457,12.3039999,
2,333895.092,5870785.864,12.11200047,333902.994,5870780.359,12.30700016,
2,333892.234,5870781.761,12.10599995,333900.1288,5870776.261,12.30500031,
2,333889.376,5870777.659,12.11800003,333897.2635,5870772.164,12.30200005,
2,333886.518,5870773.556,12.0909996,333894.4241,5870768.048,12.30099964,
2,333883.6603,5870769.454,12.10099983,333891.6208,5870763.907,12.2869997,
2,333880.8027,5870765.352,12.0909996,333888.8172,5870759.765,12.27099991,
2,333877.945,5870761.25,12.07600021,333886.0138,5870755.624,12.28800011,
2,333875.0859,5870757.145,12.08399963,333883.2119,5870751.485,12.27499962,
2,333872.2234,5870753.036,12.07299995,333880.4133,5870747.35,12.28999996,
2,333869.3569,5870748.921,12.08300018,333877.6192,5870743.223,12.29800034,
2,333866.5081,5870744.789,12.08500004,333874.8054,5870739.114,12.30900002,
2,333863.7003,5870740.631,12.0909996,333871.9263,5870735.048,12.32199955,
2,333860.8961,5870736.478,12.09300041,333869.0433,5870730.975,12.32900047,
2,333858.0947,5870732.329,12.10000038,333866.1685,5870726.891,12.32299995,
2,333855.2946,5870728.182,12.09399986,333863.3971,5870722.733,12.33199978,
2,333852.4966,5870724.039,12.07999992,333860.6236,5870718.573,12.37300014,
2,333849.7063,5870719.906,12.09300041,333857.8427,5870714.402,12.35999966,
2,333846.9313,5870715.797,12.10499954,333855.0465,5870710.208,12.39000034,
2,333844.1732,5870711.712,12.09899998,333852.0814,5870706.092,12.39500046,
2,333841.2615,5870707.759,12.08899975,333849.0062,5870702.035,12.39500046,
2,333838.3001,5870703.839,12.08899975,333845.9346,5870697.984,12.38300037,
2,333835.2508,5870699.959,12.1079998,333842.8604,5870693.96,12.33899975,
2,333832.1412,5870696.091,12.10900021,333839.6825,5870690.054,12.30200005,
2,333829.0172,5870692.205,12.12300014,333836.5189,5870686.165,12.28299999,
2,333825.885,5870688.308,12.1239996,333833.3632,5870682.286,12.24699974,
2,333822.7508,5870684.409,12.12300014,333830.2095,5870678.409,12.23700047,
2,333819.6189,5870680.514,12.1239996,333827.0533,5870674.529,12.21700001,
2,333816.4919,5870676.624,12.13700008,333823.8926,5870670.644,12.21700001,
2,333813.3693,5870672.739,12.23900032,333820.7276,5870666.753,12.17000008,
2,333810.2113,5870668.887,12.14799976,333817.5613,5870662.861,12.14500046,
2,333807.0345,5870665.044,12.14500046,333814.3974,5870658.972,12.13300037,
2,333803.8526,5870661.195,12.15200043,333811.2445,5870655.083,12.13300037,
2,333800.6655,5870657.34,12.14799976,333808.0965,5870651.201,12.14599991,
2,333797.4747,5870653.481,12.1420002,333804.9522,5870647.323,12.14400005,
2,333794.2899,5870649.613,12.14000034,333801.8095,5870643.447,12.14299965,
2,333791.1262,5870645.729,12.14700031,333798.6662,5870639.57,12.15100002,
2,333787.9647,5870641.849,12.13700008,333795.5206,5870635.691,12.15200043,
2,333784.8055,5870637.971,12.13099957,333792.3728,5870631.808,12.14700031,
2,333781.6475,5870634.094,12.12899971,333789.2238,5870627.924,12.15699959,
2,333778.4897,5870630.218,12.14700031,333786.0745,5870624.04,12.13700008,
2,333775.3319,5870626.342,12.15799999,333782.9252,5870620.156,12.14700031,
2,333772.1739,5870622.466,12.15499973,333779.7762,5870616.272,12.14999962,
2,333769.0159,5870618.589,12.15600014,333776.6271,5870612.389,12.14799976,
2,333765.858,5870614.713,12.18599987,333773.478,5870608.505,12.14500046,
2,333762.7001,5870610.837,12.1789999,333770.3293,5870604.62,12.16600037,
2,333759.5423,5870606.961,12.16699982,333767.1805,5870600.736,12.18099976,
2,333756.3841,5870603.084,12.15600014,333764.0321,5870596.852,12.20400047,
2,333753.2247,5870599.206,12.16800022,333760.885,5870592.969,12.18900013,
2,333750.0634,5870595.325,12.16899967,333757.7398,5870589.089,12.18700027,
2,333746.9021,5870591.442,12.19400024,333754.5962,5870585.211,12.16399956,
2,333743.7612,5870587.542,12.19200039,333751.4526,5870581.333,12.16399956,
2,333740.6215,5870583.643,12.18299961,333748.3077,5870577.454,12.15400028,
2,333737.4836,5870579.747,12.18299961,333745.161,5870573.572,12.17099953,
2,333734.3482,5870575.853,12.18400002,333742.0118,5870569.687,12.16699982,
2,333731.2171,5870571.965,12.18200016,333738.8583,5870565.796,12.17800045,
2,333728.0916,5870568.084,12.21000004,333735.6976,5870561.9,12.1789999,
2,333724.9685,5870564.206,12.22399998,333732.5322,5870558.002,12.18900013,
2,333721.7716,5870560.378,12.22099972,333729.3719,5870554.111,12.18099976,
2,333718.558,5870556.541,12.2329998,333726.223,5870550.234,12.18700027,
2,333715.3776,5870552.657,12.20800018,333723.0839,5870546.369,12.18400002,
2,333712.2301,5870548.742,12.20300007,333719.9471,5870542.507,12.18200016,
2,333709.0867,5870544.832,12.20100021,333716.8099,5870538.637,12.19499969,
2,333705.9589,5870540.921,12.22200012,333713.6692,5870534.756,12.20899963,
2,333702.8423,5870537.011,12.2130003,333710.5238,5870530.87,12.21899986,
2,333699.7183,5870533.11,12.20400047,333707.3769,5870526.981,12.22399998,
2,333696.5875,5870529.21,12.20699978,333704.2319,5870523.096,12.21199989,
2,333693.4517,5870525.304,12.23200035,333701.0922,5870519.216,12.21399975,
2,333690.3126,5870521.394,12.23400021,333697.9566,5870515.342,12.2329998,
2,333687.1846,5870517.498,12.23799992,333694.8123,5870511.457,12.21800041,
2,333684.1013,5870513.658,12.22000027,333691.5923,5870507.554,12.22299957,
2,333681.1019,5870509.922,12.20800018,333688.2483,5870503.598,12.22700024,
2,333678.0926,5870506.377,12.21800041,333684.7869,5870499.532,12.24199963,
2,333674.7434,5870503.272,12.18200016,333680.7576,5870495.891,12.23900032,
2,333670.9342,5870500.692,12.14599991,333676.1512,5870493.072,12.28499985,
2,333666.8379,5870498.332,12.1239996,333671.6741,5870490.364,12.33899975,
2,333662.6095,5870495.896,12.15600014,333667.3062,5870487.748,12.30099964,
2,333658.3035,5870493.381,12.15600014,333663.0128,5870485.176,12.27000046,
2,333653.9755,5870490.831,12.17599964,333658.7443,5870482.619,12.26399994,
2,333649.65,5870488.282,12.18700027,333654.4723,5870480.06,12.25500011,
2,333645.3339,5870485.739,12.26399994,333650.1873,5870477.501,12.25599957,
2,333641.0242,5870483.2,12.27400017,333645.8584,5870475.003,12.23099995,
2,333636.7182,5870480.663,12.35299969,333641.526,5870472.502,12.32299995,
2,333632.4159,5870478.128,12.45199966,333637.1901,5870470,12.35499954,
2,333628.1175,5870475.596,12.53999996,333632.8507,5870467.495,12.22599983,
2,333623.8075,5870473.086,12.48999977,333628.51,5870464.99,12.16899967,
2,333619.4844,5870470.595,12.55700016,333624.1712,5870462.486,12.15100002,
2,333615.1572,5870468.102,12.49400043,333619.8361,5870459.984,12.17000008,
2,333610.8265,5870465.606,12.4829998,333615.5042,5870457.484,12.15499973,
2,333606.4941,5870463.109,12.24699974,333611.1739,5870454.984,12.17199993,
2,333602.1615,5870460.613,12.14700031,333606.8438,5870452.485,12.16800022,
2,333597.8291,5870458.116,12.13700008,333602.5135,5870449.986,12.19200039,
2,333593.4969,5870455.62,12.16600037,333598.183,5870447.487,12.18000031,
2,333589.1645,5870453.123,12.22299957,333593.8527,5870444.987,12.20800018,
2,333584.8315,5870450.626,12.19799995,333589.5149,5870442.502,12.27099991,
2,333580.4975,5870448.129,12.22099972,333585.1778,5870440.018,12.40699959,
2,333576.1641,5870445.629,12.20400047,333580.8412,5870437.535,12.46000004,
2,333571.8346,5870443.123,12.39999962,333576.5043,5870435.051,12.50399971,
2,333567.5069,5870440.618,12.45899963,333572.1657,5870432.566,12.50399971,
2,333563.1824,5870438.115,12.47599983,333567.8243,5870430.08,12.42700005,
2,333558.8615,5870435.614,12.51000023,333563.4796,5870427.592,12.3739996,
2,333554.5369,5870433.123,12.5,333559.1335,5870425.103,12.34700012,
2,333550.2017,5870430.644,12.50300026,333554.7903,5870422.615,12.28499985,
2,333545.8574,5870428.159,12.54899979,333550.4554,5870420.133,12.26500034,
2,333541.4975,5870425.666,12.55200005,333546.1352,5870417.659,12.26599979,
2,333537.1442,5870423.107,12.54399967,333541.8562,5870415.164,12.24800014,
2,333532.7874,5870420.473,12.5909996,333537.6748,5870412.584,12.25300026,
2,333528.4178,5870417.745,12.5539999,333533.54,5870410.033,12.24100018,
2,333524.1171,5870414.795,12.56599998,333529.6711,5870407.193,12.25199986,
2,333519.8649,5870411.697,12.56299973,333525.9578,5870404.223,12.26200008,
2,333516.0277,5870408.1,12.55799961,333522.3313,5870401.146,12.25300026,
2,333512.2212,5870404.531,12.54699993,333518.8377,5870397.871,12.24300003,
2,333508.6359,5870400.783,12.54100037,333515.4032,5870394.486,12.26500034,
2,333505.2167,5870396.891,12.53499985,333512.1853,5870390.886,12.24499989,
2,333501.7825,5870392.983,12.52700043,333509.0543,5870387.231,12.25300026,
2,333498.6546,5870388.794,12.53499985,333506.2697,5870383.332,12.24600029,
2,333495.7884,5870384.412,12.52499962,333503.4916,5870379.443,12.24699974,
2,333492.924,5870380.032,12.52999973,333501.0557,5870375.323,12.25800037,
2,333490.5497,5870375.388,12.52299976,333498.6318,5870371.175,12.25399971,
2,333488.2933,5870370.706,12.54399967,333496.6591,5870366.783,12.26200008,
2,333486.0338,5870366.017,12.52700043,333494.7887,5870362.359,12.24300003,
2,333484.1181,5870361.167,12.53499985,333492.9208,5870357.941,12.24800014,
2,333482.6027,5870356.172,12.54599953,333491.4664,5870353.377,12.2510004,
2,333481.0858,5870351.171,12.52700043,333490.2287,5870348.764,12.25199986,
2,333479.6114,5870346.135,12.55900002,333489.1722,5870344.115,12.23999977,
2,333478.9198,5870340.957,12.54199982,333488.211,5870339.423,12.28199959,
2,333478.237,5870335.844,12.51099968,333487.56,5870334.624,12.27400017,
2,333477.5613,5870330.785,12.54800034,333487.0933,5870329.75,12.26599979,
2,333477.0527,5870325.744,12.5710001,333486.6231,5870324.84,12.29599953,
2,333476.6381,5870320.72,12.57299995,333486.1505,5870319.903,12.27700043,
2,333476.2252,5870315.718,12.57600021,333485.6924,5870314.944,12.31900024,
2,333475.8136,5870310.731,12.55300045,333485.2789,5870309.965,12.35900021,
2,333475.4026,5870305.751,12.59000015,333484.8649,5870304.979,12.34399986,
2,333474.9917,5870300.772,12.58500004,333484.4508,5870299.993,12.35499954,
2,333474.5781,5870295.792,12.60400009,333484.0368,5870295.008,12.38199997,
2,333474.1635,5870290.81,12.57999992,333483.6229,5870290.024,12.3739996,
2,333473.7487,5870285.828,12.57199955,333483.209,5870285.04,12.40299988,
2,333473.334,5870280.845,12.59300041,333482.7956,5870280.057,12.39599991,
2,333472.9192,5870275.862,12.59000015,333482.3824,5870275.075,12.36999989,
2,333472.5043,5870270.878,12.60499954,333481.9693,5870270.093,12.4119997,
2,333472.0895,5870265.895,12.60099983,333481.5561,5870265.11,12.45100021,
2,333471.6749,5870260.914,12.6079998,333481.1427,5870260.126,12.4630003,
2,333471.2607,5870255.938,12.61499977,333480.7,5870255.139,12.47700024,
2,333470.847,5870250.968,12.60299969,333480.2562,5870250.147,12.47099972,
2,333470.4099,5870246.002,12.60700035,333479.812,5870245.152,12.47799969,
2,333469.9381,5870241.038,12.57999992,333479.3681,5870240.159,12.50899982,
2,333469.4658,5870236.069,12.56999969,333478.9246,5870235.171,12.53499985,
2,333468.9931,5870231.094,12.56999969,333478.4815,5870230.188,12.56200027,
2,333468.52,5870226.116,12.54800034,333478.0387,5870225.208,12.60200024,
2,333468.0469,5870221.137,12.53600025,333477.5959,5870220.229,12.65400028,
2,333467.5735,5870216.157,12.50399971,333477.1534,5870215.251,12.68200016,
2,333467.0999,5870211.174,12.5,333476.711,5870210.276,12.72500038,
2,333466.6347,5870206.188,12.48499966,333476.2688,5870205.303,12.76000023,
2,333466.1859,5870201.199,12.44799995,333475.8267,5870200.331,12.82199955,
2,333465.737,5870196.21,12.44299984,333475.3847,5870195.36,12.86499977,
2,333465.2883,5870191.222,12.40999985,333474.9427,5870190.389,12.9289999,
2,333464.8405,5870186.244,12.40100002,333474.4998,5870185.408,12.94099998,
2,333464.3956,5870181.299,12.39500046,333474.0542,5870180.397,13.00199986,
2,333463.9561,5870176.414,12.36200047,333473.6035,5870175.328,13.05000019,
2,333463.3749,5870171.626,12.35200024,333473.1453,5870170.174,13.06499958,
2,333462.6436,5870166.938,12.3380003,333472.4674,5870164.95,13.11299992,
2,333461.5095,5870162.402,12.30500031,333471.3005,5870159.738,13.14099979,
2,333460.1975,5870157.961,12.32999992,333469.553,5870154.643,13.13700008,
2,333458.497,5870153.675,12.31599998,333467.6921,5870149.563,13.13500023,
2,333456.3581,5870149.595,12.28899956,333465.2652,5870144.724,13.13300037,
2,333454.0404,5870145.601,12.24600029,333462.4518,5870140.115,13.11100006,
2,333451.3487,5870141.826,12.25699997,333459.4731,5870135.627,13.08500004,
2,333448.3498,5870138.269,12.23400021,333455.9749,5870131.554,13.11200047,
2,333445.1898,5870134.845,12.24199963,333452.4408,5870127.518,13.11800003,
2,333441.6994,5870131.782,12.25,333448.2778,5870124.112,13.1260004,
2,333438.2273,5870128.735,12.28100014,333444.1041,5870120.697,13.11600018,
2,333434.3676,5870126.248,12.27700043,333439.6124,5870117.657,13.08300018,
2,333430.347,5870124.06,12.2869997,333434.6827,5870115.379,13.06299973,
2,333426.1736,5870122.17,12.28299999,333429.7817,5870113.113,13.02499962,
2,333421.836,5870120.681,12.30500031,333424.6403,5870111.485,13.03199959,
2,333417.4207,5870119.388,12.29399967,333419.4027,5870110.285,13.02200031,
2,333412.8391,5870118.799,12.31999969,333414.1717,5870109.087,13.05200005,
2,333408.239,5870118.21,12.28899956,333408.8462,5870108.621,13.03299999,
2,333403.5673,5870118.064,12.30099964,333403.5362,5870108.385,13.02400017,
2,333398.8382,5870118.221,12.31900024,333398.2949,5870108.84,12.96800041,
2,333394.0476,5870118.756,12.29699993,333393.1645,5870109.416,12.89500046,
2,333389.1656,5870119.301,12.34399986,333388.1249,5870109.982,12.87800026,
2,333384.2138,5870119.842,12.37199974,333383.1439,5870110.542,12.85900021,
2,333379.2336,5870120.384,12.41800022,333378.1857,5870111.098,12.83500004,
2,333374.2514,5870120.925,12.41100025,333373.228,5870111.655,12.81299973,
2,333369.2747,5870121.466,12.47799969,333368.2648,5870112.212,12.77299976,
2,333364.3022,5870122.007,12.50500011,333363.2977,5870112.77,12.78199959,
2,333359.3313,5870122.548,12.58199978,333358.3291,5870113.328,12.74499989,
2,333354.3607,5870123.088,12.63099957,333353.3602,5870113.886,12.72700024,
2,333349.3903,5870123.628,12.68900013,333348.3911,5870114.444,12.71700001,
2,333344.4212,5870124.169,12.70600033,333343.4209,5870115.002,12.69200039,
2,333339.4545,5870124.709,12.80900002,333338.4481,5870115.556,12.66300011,
2,333334.4895,5870125.249,12.82600021,333333.4669,5870116.046,12.65999985,
2,333329.5191,5870125.789,12.86699963,333328.491,5870116.536,12.65299988,
2,333324.5265,5870126.332,12.89999962,333323.5366,5870117.024,12.63199997,
2,333319.4949,5870126.879,12.96500015,333318.6198,5870117.508,12.64700031,
2,333314.4211,5870127.431,12.98099995,333313.7391,5870117.988,12.65799999,
2,333309.2971,5870127.607,13.03999996,333308.8704,5870118.389,12.65299988,
2,333304.1651,5870127.739,13.02499962,333303.9957,5870118.464,12.66800022,
2,333299.0237,5870127.87,13.02499962,333299.1315,5870118.314,12.63899994,
2,333293.8834,5870127.777,13.00800037,333294.2703,5870118.163,12.63399982,
2,333288.7863,5870127.379,12.99600029,333289.381,5870117.985,12.63300037,
2,333283.74,5870126.985,12.93799973,333284.4606,5870117.557,12.6420002,
2,333278.7346,5870126.594,12.89999962,333279.5012,5870117.125,12.64400005,
2,333273.7461,5870126.205,12.84799957,333274.5244,5870116.691,12.67000008,
2,333268.7559,5870125.815,12.77700043,333269.5487,5870116.258,12.68299961,
2,333263.7614,5870125.406,12.75800037,333264.5785,5870115.825,12.68400002,
2,333258.7693,5870124.958,12.76200008,333259.6091,5870115.392,12.70400047,
2,333253.7811,5870124.511,12.74300003,333254.636,5870114.959,12.72299957,
2,333248.7977,5870124.064,12.74800014,333249.6576,5870114.531,12.71500015,
2,333243.8173,5870123.618,12.72999954,333244.6762,5870114.103,12.72399998,
2,333238.8389,5870123.171,12.72999954,333239.6928,5870113.677,12.73099995,
2,333233.8627,5870122.725,12.71100044,333234.704,5870113.289,12.72999954,
2,333228.8898,5870122.279,12.69499969,333229.7123,5870112.9,12.73900032,
2,333223.9203,5870121.865,12.70600033,333224.7152,5870112.512,12.78100014,
2,333218.9639,5870121.46,12.72299957,333219.7061,5870112.122,12.77200031,
2,333214.0325,5870121.057,12.74600029,333214.6746,5870111.73,12.78800011,
2,333209.1271,5870120.754,12.76900005,333209.608,5870111.407,12.80300045,
2,333204.2453,5870120.492,12.77099991,333204.5069,5870111.338,12.81200027,
2,333199.3617,5870120.43,12.7869997,333199.4051,5870111.269,12.81799984,
2,333194.4588,5870120.532,12.7869997,333194.3195,5870111.2,12.81000042,
2,333189.5236,5870120.634,12.79100037,333189.2655,5870111.355,12.8210001,
2,333184.5599,5870120.799,12.79599953,333184.2394,5870111.532,12.82600021,
2,333179.5771,5870120.984,12.81299973,333179.2306,5870111.708,12.82600021,
2,333174.5839,5870121.17,12.77700043,333174.2308,5870111.883,12.81900024,
2,333169.5865,5870121.355,12.78800011,333169.2347,5870112.059,12.82400036,
2,333164.5883,5870121.541,12.73900032,333164.2393,5870112.234,12.82900047,
2,333159.5905,5870121.727,12.79399967,333159.2435,5870112.409,12.8380003,
2,333154.5933,5870121.912,12.81999969,333154.2472,5870112.585,12.84399986,
2,333149.5967,5870122.098,12.81499958,333149.2503,5870112.76,12.85000038,
2,333144.6011,5870122.284,12.81900024,333144.2525,5870112.936,12.86400032,
2,333139.6068,5870122.469,12.79500008,333139.2535,5870113.111,12.85499954,
2,333134.6137,5870122.655,12.82400036,333134.2534,5870113.287,12.8579998,
2,333129.621,5870122.854,12.8409996,333129.2533,5870113.463,12.86400032,
2,333124.6273,5870123.052,12.85000038,333124.2542,5870113.638,12.86800003,
2,333119.6322,5870123.25,12.81700039,333119.2563,5870113.814,12.86600018,
2,333114.6364,5870123.449,12.81499958,333114.259,5870113.988,12.87300014,
2,333109.6404,5870123.648,12.85099983,333109.2619,5870114.162,12.87100029,
2,333104.644,5870123.846,12.85200024,333104.2653,5870114.337,12.87699986,
2,333099.6461,5870124.045,12.85099983,333099.27,5870114.511,12.87199974,
2,333094.6462,5870124.244,12.85900021,333094.2767,5870114.685,12.86800003,
2,333089.6447,5870124.44,12.85900021,333089.2848,5870114.859,12.86299992,
2,333084.6428,5870124.618,12.87199974,333084.2928,5870115.033,12.86900043,
2,333079.6428,5870124.796,12.90799999,333079.2989,5870115.207,12.87100029,
2,333074.6456,5870124.975,12.93599987,333074.3023,5870115.382,12.85900021,
2,333069.6511,5870125.153,12.96100044,333069.3036,5870115.568,12.85299969,
2,333064.6592,5870125.331,13.00199986,333064.3041,5870115.8,12.85499954,
2,333059.6673,5870125.509,13.00599957,333059.3049,5870116.033,12.84899998,
2,333054.6682,5870125.687,13.05300045,333054.3135,5870116.265,12.83899975,
2,333049.6485,5870125.866,13.06299973,333049.343,5870116.496,12.84500027,
2,333044.5886,5870126.047,13.12800026,333044.4105,5870116.683,12.86200047,
2,333039.463,5870126.029,13.14900017,333039.5373,5870116.765,12.86699963,
2,333034.2505,5870125.985,13.17000008,333034.7384,5870116.846,12.89000034,
2,333028.9436,5870125.664,13.1789999,333030.0418,5870116.497,12.90799999,
2,333023.6387,5870124.654,13.20499992,333025.4804,5870115.706,12.91899967,
2,333018.2666,5870123.632,13.20800018,333020.9523,5870114.88,12.92500019,
2,333013.2386,5870121.432,13.21800041,333016.6986,5870113.179,12.94499969,
2,333008.3041,5870119.086,13.23700047,333012.517,5870111.327,12.93700027,
2,333003.3936,5870116.611,13.27900028,333008.7327,5870108.755,12.94799995,
2,332999.3549,5870112.897,13.22999954,333004.9382,5870106.177,12.95899963,
2,332995.3584,5870109.222,13.23200035,333001.8246,5870102.799,12.95499992,
2,332991.3029,5870105.492,13.28199959,332998.9194,5870099.33,12.95800018,
2,332988.333,5870100.808,13.26399994,332996.1863,5870095.776,12.96399975,
2,332985.4846,5870096.069,13.28999996,332994.0279,5870091.844,12.99100018,
2,332983.3476,5870091.036,13.2869997,332992.4969,5870087.568,12.99600029,
2,332981.8549,5870085.911,13.31099987,332991.1739,5870083.118,13.02000046,
2,332980.5339,5870080.893,13.32199955,332989.8096,5870078.529,13.06200027,
2,332979.3572,5870075.953,13.29199982,332988.4168,5870073.814,13.08600044,
2,332978.1946,5870071.073,13.29899979,332987.2665,5870068.971,13.11600018,
2,332977.0366,5870066.212,13.2869997,332986.1111,5870064.106,13.14700031,
2,332975.8881,5870061.349,13.27900028,332984.9553,5870059.239,13.18700027,
2,332974.7576,5870056.477,13.26099968,332983.8001,5870054.376,13.22099972,
2,332973.6269,5870051.605,13.2840004,332982.6451,5870049.512,13.23700047,
2,332972.4965,5870046.734,13.29100037,332981.4899,5870044.648,13.26799965,
2,332971.3662,5870041.863,13.29699993,332980.3345,5870039.783,13.27200031,
2,332970.236,5870036.993,13.28999996,332979.2082,5870034.912,13.28800011,
2,332969.1058,5870032.123,13.29399967,332978.1073,5870030.034,13.28800011,
2,332967.9755,5870027.252,13.29800034,332977.0064,5870025.157,13.27099991,
2,332966.8453,5870022.382,13.28199959,332975.9054,5870020.279,13.26900005,
2,332965.715,5870017.511,13.28199959,332974.8045,5870015.402,13.27499962,
2,332964.5847,5870012.641,13.28600025,332973.7037,5870010.524,13.29300022,
2,332963.4543,5870007.77,13.28499985,332972.6028,5870005.647,13.33100033,
2,332962.3238,5870002.898,13.30099964,332971.5021,5870000.771,13.37300014,
2,332961.1939,5869998.026,13.28899956,332970.395,5869995.896,13.39799976,
2,332960.0679,5869993.153,13.29399967,332969.2766,5869991.024,13.42300034,
2,332958.9418,5869988.28,13.28800011,332968.1582,5869986.152,13.43900013,
2,332957.8154,5869983.406,13.2840004,332967.0401,5869981.281,13.4659996,
2,332956.6884,5869978.529,13.2670002,332965.9226,5869976.413,13.44099998,
2,332955.5611,5869973.65,13.24100018,332964.8055,5869971.547,13.44400024,
2,332954.4351,5869968.778,13.21899986,332963.6874,5869966.677,13.44499969,
2,332953.3149,5869963.93,13.18999958,332962.5646,5869961.785,13.44900036,
2,332952.2081,5869959.14,13.15799999,332961.0565,5869956.937,13.43200016,
2,332950.9811,5869954.485,13.15100002,332959.5025,5869952.032,13.40999985,
2,332949.6223,5869950.004,13.13500023,332957.9213,5869947.042,13.38500023,
2,332948.2187,5869945.632,13.12800026,332956.3023,5869941.932,13.40200043,
2,332945.8372,5869941.78,13.125,332954.1028,5869936.955,13.41499996,
2,332943.4691,5869937.949,13.10999966,332950.8963,5869932.556,13.39500046,
2,332940.5619,5869934.483,13.10700035,332947.7019,5869928.174,13.39799976,
2,332937.3655,5869931.287,13.10000038,332943.8344,5869924.378,13.38599968,
2,332934.1476,5869928.089,13.11200047,332939.534,5869921.087,13.375,
2,332930.2418,5869925.809,13.07900047,332935.2261,5869917.791,13.37800026,
2,332926.3672,5869923.547,13.10499954,332930.4193,5869915.251,13.38000011,
2,332922.2716,5869921.71,13.10999966,332925.3113,5869913.412,13.37300014,
2,332917.9792,5869920.349,13.09000015,332920.2167,5869911.578,13.36299992,
2,332913.5059,5869919.715,13.07499981,332914.9879,5869910.061,13.38000011,
2,332909.0374,5869919.212,13.08199978,332909.5516,5869909.813,13.37300014,
2,332904.5449,5869918.755,13.09200001,332904.1012,5869909.566,13.3760004,
2,332900.1262,5869919.598,13.06200027,332898.6472,5869910.089,13.35499954,
2,332895.7226,5869920.438,13.09300041,332893.3722,5869911.496,13.3579998,
2,332891.4056,5869921.783,13.10000038,332888.1299,5869912.894,13.36999989,
2,332887.2006,5869923.559,13.1079998,332883.381,5869915.461,13.3409996,
2,332883.0654,5869925.652,13.10499954,332878.8147,5869918.136,13.34700012,
2,332879.1171,5869928.275,13.06999969,332874.3299,5869920.763,13.35599995,
2,332875.0886,5869930.98,13.09000015,332869.9143,5869923.35,13.36200047,
2,332871.0092,5869933.782,13.08699989,332865.6768,5869926.077,13.35700035,
2,332866.8857,5869936.614,13.06000042,332861.5517,5869928.891,13.36100006,
2,332862.7486,5869939.456,13.06299973,332857.4378,5869931.698,13.35000038,
2,332858.6228,5869942.29,13.05700016,332853.3138,5869934.512,13.34799957,
2,332854.537,5869945.097,13.07900047,332849.155,5869937.349,13.33300018,
2,332850.5137,5869947.861,13.06999969,332845.0236,5869940.343,13.34399986,
2,332846.5416,5869950.589,13.09300041,332841.018,5869943.601,13.31999969,
2,332843.0179,5869953.823,13.06000042,332836.9921,5869946.877,13.33500004,
2,332839.5337,5869957.067,13.05300045,332832.9477,5869950.167,13.35099983,
2,332836.0541,5869960.307,13.04199982,332829.5033,5869954.097,13.32299995,
2,332832.9041,5869963.847,13.07400036,332826.0687,5869958.027,13.33399963,
2,332829.9453,5869967.552,13.07199955,332822.6318,5869961.959,13.3409996,
2,332827.1587,5869971.426,13.08399963,332819.2627,5869965.943,13.35900021,
2,332824.6209,5869975.503,13.06099987,332816.6771,5869970.44,13.34899998,
2,332822.0902,5869979.568,13.05000019,332814.097,5869974.929,13.35200024,
2,332819.5767,5869983.605,13.07800007,332811.4975,5869979.451,13.34799957,
2,332817.6554,5869987.914,13.06299973,332808.8681,5869984.025,13.36600018,
2,332815.8582,5869992.283,13.09599972,332807.1482,5869988.998,13.35700035,
2,332814.4137,5869996.824,13.09200001,332805.5745,5869993.962,13.35900021,
2,332813.0761,5870001.42,13.0710001,332804.009,5869998.899,13.35299969,
2,332811.7409,5870006.007,13.08500004,332802.435,5870003.863,13.36800003,
2,332810.7477,5870010.646,13.07999992,332801.0989,5870008.946,13.38199997,
2,332810.1861,5870015.333,13.08399963,332800.8436,5870014.229,13.37100029,
2,332809.6242,5870020.022,13.08699989,332800.5905,5870019.469,13.36900043,
2,332809.6111,5870024.763,13.09500027,332800.3384,5870024.687,13.3579998,
2,332809.7268,5870029.508,13.08899975,332800.0859,5870029.915,13.36699963,
2,332809.8428,5870034.262,13.0880003,332800.6885,5870035.111,13.36900043,
2,332810.567,5870038.956,13.08300018,332801.6517,5870040.248,13.34399986,
2,332811.3854,5870043.619,13.09200001,332802.6118,5870045.368,13.35700035,
2,332812.2064,5870048.296,13.10200024,332803.5724,5870050.491,13.36100006,
2,332813.7018,5870052.828,13.0909996,332804.5353,5870055.627,13.37100029,
2,332815.2923,5870057.342,13.10599995,332805.9534,5870060.631,13.38000011,
2,332816.882,5870061.853,13.09799957,332808.0983,5870065.377,13.37300014,
2,332818.5488,5870066.319,13.10200024,332810.2461,5870070.129,13.36400032,
2,332820.82,5870070.49,13.10900021,332812.4018,5870074.898,13.3739996,
2,332823.0978,5870074.674,13.125,332814.6768,5870079.609,13.40100002,
2,332825.62,5870078.78,13.1260004,332817.5898,5870083.891,13.40600014,
2,332828.3736,5870082.813,13.10099983,332820.4626,5870088.114,13.34700012,
2,332831.1584,5870086.892,13.10200024,332823.3053,5870092.292,13.3579998,
2,332833.9652,5870091.001,13.10200024,332826.1823,5870096.407,13.33399963,
2,332836.8175,5870095.099,13.09300041,332829.059,5870100.503,13.31599998,
2,332839.673,5870099.202,13.1239996,332831.9331,5870104.596,13.26599979,
2,332842.5294,5870103.306,13.13599968,332834.8063,5870108.687,13.25899982,
2,332845.3863,5870107.411,13.14999962,332837.6792,5870112.778,13.22599983,
2,332848.2429,5870111.515,13.14999962,332840.5523,5870116.87,13.20199966,
2,332851.0994,5870115.62,13.17000008,332843.4256,5870120.961,13.19499969,
2,332853.9556,5870119.724,13.18599987,332846.2991,5870125.053,13.19499969,
2,332856.8119,5870123.827,13.15499973,332849.1726,5870129.145,13.14999962,
2,332859.6686,5870127.932,13.15799999,332852.0456,5870133.236,13.16800022,
2,332862.526,5870132.038,13.15299988,332854.8911,5870137.345,13.14400005,
2,332865.3841,5870136.144,13.14400005,332857.7348,5870141.454,13.13099957,
2,332868.2323,5870140.257,13.15799999,332860.5786,5870145.563,13.13300037,
2,332871.0799,5870144.37,13.14999962,332863.4229,5870149.673,13.13500023,
2,332873.9267,5870148.482,13.13199997,332866.2678,5870153.784,13.14299965,
2,332876.7731,5870152.592,13.13700008,332869.1132,5870157.895,13.13199997,
2,332879.6193,5870156.703,13.13000011,332871.9587,5870162.007,13.12100029,
2,332882.4656,5870160.814,13.13000011,332874.8041,5870166.118,13.11900043,
2,332885.3119,5870164.924,13.11699963,332877.6495,5870170.23,13.11400032,
2,332888.1582,5870169.035,13.11400032,332880.495,5870174.341,13.10900021,
2,332891.0045,5870173.146,13.11999989,332883.3404,5870178.453,13.11200047,
2,332893.8508,5870177.257,13.1239996,332886.1857,5870182.564,13.11800003,
2,332896.6972,5870181.367,13.11600018,332889.0311,5870186.675,13.13599968,
2,332899.5435,5870185.478,13.11600018,332891.8765,5870190.787,13.14000034,
2,332902.3898,5870189.589,13.10400009,332894.7219,5870194.898,13.1590004,
2,332905.2361,5870193.7,13.10999966,332897.5673,5870199.01,13.16300011,
2,332908.0825,5870197.811,13.10900021,332900.4127,5870203.121,13.16499996,
2,332910.9289,5870201.921,13.08500004,332903.2581,5870207.232,13.19099998,
2,332913.7753,5870206.032,13.05700016,332906.1247,5870211.329,13.21500015,
2,332916.6217,5870210.143,13.02299976,332908.9971,5870215.422,13.21199989,
2,332919.4677,5870214.254,12.97799969,332911.8697,5870219.515,13.22399998,
2,332922.3134,5870218.363,12.95199966,332914.7427,5870223.608,13.23600006,
2,332925.1591,5870222.473,12.91600037,332917.6157,5870227.702,13.24199963,
2,332928.0115,5870226.58,12.88399982,332920.4879,5870231.794,13.2489996,
2,332930.8716,5870230.684,12.86200047,332923.3591,5870235.885,13.27099991,
2,332933.7291,5870234.784,12.85099983,332926.2322,5870239.979,13.27000046,
2,332936.5753,5870238.867,12.8380003,332929.1142,5870244.085,13.27999973,
2,332939.3982,5870242.918,12.80900002,332932.0149,5870248.218,13.28800011,
2,332942.2779,5870246.843,12.80799961,332934.9486,5870252.398,13.31700039,
2,332945.2374,5870250.579,12.81499958,332937.9401,5870256.661,13.36900043,
2,332948.2198,5870254.141,12.83199978,332941.66,5870260.454,13.3409996,
2,332951.3832,5870257.421,12.84500027,332945.6276,5870264.09,13.34200001,
2,332955.0368,5870260.093,12.80900002,332949.6415,5870267.763,13.37899971,
2,332958.9338,5870262.489,12.83100033,332954.4683,5870270.176,13.35299969,
2,332963.1254,5870264.585,12.82299995,332959.1608,5870272.523,13.33899975,
2,332967.4646,5870266.653,12.84300041,332963.7644,5870274.824,13.32699966,
2,332971.976,5870268.579,12.82999992,332968.3079,5870277.096,13.33600044,
2,332976.5437,5870270.529,12.85299969,332972.8422,5870279.276,13.33600044,
2,332981.1387,5870272.49,12.87100029,332977.4489,5870281.225,13.30799961,
2,332985.7404,5870274.454,12.85900021,332982.0505,5870283.171,13.29100037,
2,332990.3398,5870276.417,12.89999962,332986.6547,5870285.118,13.28499985,
2,332994.944,5870278.361,12.91800022,332991.2617,5870287.067,13.24400043,
2,332999.548,5870280.305,12.90499973,332995.8688,5870289.016,13.22299957,
2,333004.1531,5870282.25,12.93500042,333000.4748,5870290.964,13.20800018,
2,333008.7593,5870284.194,12.92500019,333005.08,5870292.912,13.16800022,
2,333013.3658,5870286.139,12.94400024,333009.6848,5870294.859,13.15100002,
2,333017.9722,5870288.084,12.9630003,333014.2896,5870296.807,13.13399982,
2,333022.5785,5870290.029,12.95600033,333018.8946,5870298.755,13.09899998,
2,333027.1848,5870291.974,12.96199989,333023.4996,5870300.702,13.08300018,
2,333031.791,5870293.919,12.97599983,333028.1047,5870302.65,13.0539999,
2,333036.3972,5870295.864,12.98499966,333032.7098,5870304.598,13.02499962,
2,333041.0034,5870297.809,12.97599983,333037.3148,5870306.545,12.98900032,
2,333045.6099,5870299.754,12.97299957,333041.9197,5870308.493,12.98099995,
2,333050.2168,5870301.699,12.96399975,333046.5241,5870310.441,12.94900036,
2,333054.8242,5870303.644,12.96000004,333051.128,5870312.388,12.95100021,
2,333059.4306,5870305.592,12.96700001,333055.7318,5870314.335,12.94299984,
2,333064.0358,5870307.543,12.95199966,333060.3357,5870316.282,12.94699955,
2,333068.6404,5870309.493,12.95600033,333064.9402,5870318.23,12.94299984,
2,333073.2447,5870311.443,12.95899963,333069.5451,5870320.178,12.94699955,
2,333077.8488,5870313.393,12.94999981,333074.1501,5870322.125,12.95199966,
2,333082.4528,5870315.343,12.95499992,333078.7552,5870324.073,12.9460001,
2,333087.0568,5870317.293,12.9659996,333083.3625,5870326.015,12.93400002,
2,333091.6609,5870319.243,12.94200039,333087.9743,5870327.947,12.93500042,
2,333096.265,5870321.193,12.95300007,333092.5861,5870329.879,12.94799995,
2,333100.869,5870323.143,12.95100021,333097.1978,5870331.811,12.93999958,
2,333105.4731,5870325.093,12.94499969,333101.8095,5870333.743,12.93599987,
2,333110.0772,5870327.043,12.97099972,333106.4213,5870335.675,12.93500042,
2,333114.6813,5870328.993,12.95300007,333111.033,5870337.607,12.94699955,
2,333119.2854,5870330.943,12.97399998,333115.6448,5870339.539,12.95800018,
2,333123.8894,5870332.893,12.94900036,333120.2565,5870341.471,12.94099998,
2,333128.4935,5870334.843,12.94999981,333124.8683,5870343.402,12.96000004,
2,333133.0976,5870336.793,12.95800018,333129.48,5870345.334,12.94400024,
2,333137.7017,5870338.743,12.96100044,333134.0918,5870347.266,12.94900036,
2,333142.3058,5870340.693,12.96700001,333138.7035,5870349.198,12.93599987,
2,333146.9098,5870342.643,12.95800018,333143.3152,5870351.13,12.94200039,
2,333151.5139,5870344.593,12.95400047,333147.927,5870353.062,12.93200016,
2,333156.118,5870346.543,12.96000004,333152.5387,5870354.994,12.94999981,
2,333160.7221,5870348.493,12.95499992,333157.1505,5870356.926,12.94900036,
2,333165.3261,5870350.443,12.94699955,333161.7623,5870358.858,12.93599987,
2,333169.9301,5870352.393,12.92599964,333166.3741,5870360.79,12.93900013,
2,333174.534,5870354.343,12.92099953,333170.986,5870362.722,12.9289999,
2,333179.1379,5870356.293,12.92000008,333175.5979,5870364.653,12.94099998,
2,333183.7431,5870358.243,12.91399956,333180.2087,5870366.585,12.9460001,
2,333188.3515,5870360.195,12.88799953,333184.8167,5870368.515,12.97900009,
2,333192.9656,5870362.149,12.86200047,333189.4198,5870370.444,13.00300026,
2,333197.5809,5870364.112,12.82999992,333194.0188,5870372.37,12.99600029,
2,333202.1831,5870366.082,12.76799965,333198.624,5870374.299,13.01799965,
2,333206.7456,5870368.036,12.72599983,333203.2593,5870376.241,13.03199959,
2,333211.2326,5870369.956,12.72399998,333207.9488,5870378.219,13.06000042,
2,333215.6449,5870371.841,12.68500042,333212.7118,5870380.233,13.02200031,
2,333220.1861,5870373.23,12.68299961,333217.5429,5870382.276,13.05799961,
2,333224.8149,5870374.384,12.69900036,333222.4774,5870384.049,13.07199955,
2,333229.5685,5870375.316,12.69400024,333227.4762,5870385.342,13.09200001,
2,333234.3937,5870376.261,12.74199963,333232.4667,5870386.314,13.09599972,
2,333239.2572,5870377.214,12.75199986,333237.4888,5870386.893,13.07199955,
2,333244.1315,5870378.086,12.77400017,333242.51,5870387.471,13.06000042,
2,333248.9832,5870378.901,12.81700039,333247.5538,5870388.053,13.01099968,
2,333253.8042,5870379.711,12.8579998,333252.6192,5870388.636,12.97399998,
2,333258.652,5870380.289,12.89000034,333257.6853,5870389.22,12.9460001,
2,333263.5532,5870380.661,12.89599991,333262.7309,5870389.726,12.92300034,
2,333268.5061,5870381.038,12.93299961,333267.7323,5870390.225,12.89799976,
2,333273.4952,5870381.477,12.96199989,333272.699,5870390.72,12.8760004,
2,333278.4944,5870381.951,12.99600029,333277.6545,5870391.214,12.86200047,
2,333283.4872,5870382.425,13.03100014,333282.6159,5870391.709,12.84799957,
2,333288.4695,5870382.897,13.05599976,333287.5869,5870392.205,12.85200024,
2,333293.4442,5870383.369,13.08600044,333292.5649,5870392.701,12.85000038,
2,333298.4147,5870383.841,13.12800026,333297.5471,5870393.193,12.85099983,
2,333303.3865,5870384.313,13.16800022,333302.5298,5870393.662,12.85200024,
2,333308.3735,5870384.786,13.21500015,333307.4972,5870394.129,12.83100033,
2,333313.3963,5870385.262,13.22700024,333312.4294,5870394.593,12.81200027,
2,333318.4736,5870385.744,13.29599953,333317.3126,5870395.052,12.80799961,
2,333323.5816,5870386.453,13.30099964,333322.1182,5870395.721,12.81599998,
2,333328.6923,5870387.447,13.33600044,333326.8424,5870396.594,12.76500034,
2,333333.8505,5870388.451,13.35099983,333331.504,5870397.579,12.77499962,
2,333338.8946,5870390.03,13.34000015,333336.0654,5870398.858,12.77499962,
2,333343.9377,5870391.616,13.33500004,333340.5778,5870400.323,12.78199959,
2,333348.7062,5870393.774,13.28299999,333344.9091,5870402.374,12.7489996,
2,333353.3207,5870396.035,13.23499966,333349.3051,5870404.455,12.74800014,
2,333357.8596,5870398.251,13.19400024,333353.7753,5870406.571,12.7510004,
2,333362.3599,5870400.432,13.14900017,333358.2908,5870408.709,12.78199959,
2,333366.8472,5870402.607,13.11600018,333362.8069,5870410.88,12.78999996,
2,333371.3377,5870404.783,13.09599972,333367.3024,5870413.088,12.81200027,
2,333375.8334,5870406.962,13.08199978,333371.7934,5870415.294,12.83300018,
2,333380.332,5870409.142,13.06599998,333376.2821,5870417.499,12.83300018,
2,333384.8314,5870411.322,13.0710001,333380.7699,5870419.704,12.84300041,
2,333389.3307,5870413.503,13.07299995,333385.2579,5870421.908,12.84000015,
2,333393.8299,5870415.683,13.07400036,333389.7459,5870424.113,12.82900047,
2,333398.3294,5870417.864,13.06599998,333394.2337,5870426.317,12.80599976,
2,333402.8297,5870420.045,13.09000015,333398.7208,5870428.522,12.77400017,
2,333407.3305,5870422.226,13.10900021,333403.2073,5870430.725,12.73799992,
2,333411.8306,5870424.407,13.12899971,333407.6945,5870432.93,12.71199989,
2,333416.321,5870426.605,13.16899967,333412.1826,5870435.134,12.68099976,
2,333420.8153,5870428.804,13.1960001,333416.6665,5870437.337,12.66399956,
2,333425.3289,5870431.014,13.19999981,333421.131,5870439.53,12.64500046,
2,333429.8808,5870433.242,13.20100021,333425.5584,5870441.705,12.63899994,
2,333434.4503,5870435.55,13.19299984,333429.832,5870444.07,12.63599968,
2,333438.9339,5870438.098,13.20100021,333434.0634,5870446.431,12.63799953,
2,333443.3292,5870440.827,13.20499992,333438.2855,5870448.787,12.64700031,
2,333447.6341,5870443.712,13.20199966,333442.4186,5870451.29,12.67800045,
2,333451.9525,5870446.605,13.22599983,333446.2034,5870454.278,12.64999962,
2,333455.9574,5870449.929,13.20699978,333449.9751,5870457.256,12.64700031,
2,333459.9423,5870453.261,13.20499992,333453.7562,5870460.241,12.6619997,
2,333463.7815,5870456.732,13.23499966,333457.4634,5870463.359,12.65200043,
2,333467.3491,5870460.452,13.20100021,333460.8264,5870466.871,12.67199993,
2,333470.9087,5870464.164,13.19999981,333464.1908,5870470.385,12.63700008,
2,333474.4776,5870467.885,13.20199966,333467.5538,5870473.896,12.66300011,
2,333477.7502,5870471.876,13.20300007,333470.6898,5870477.606,12.66499996,
2,333480.8262,5870476.015,13.18900013,333473.471,5870481.596,12.66399956,
2,333483.9037,5870480.155,13.22000027,333476.242,5870485.572,12.67399979,
2,333486.9828,5870484.335,13.22099972,333478.9988,5870489.528,12.66100025,
2,333489.6072,5870488.841,13.2130003,333481.7504,5870493.476,12.67099953,
2,333492.2296,5870493.343,13.24499989,333484.0067,5870497.725,12.68500042,
2,333494.4896,5870498.009,13.25399971,333486.0122,5870502.122,12.73700047,
2,333496.6079,5870502.704,13.26200008,333488.0258,5870506.536,12.73999977,
2,333498.7205,5870507.387,13.28199959,333490.0463,5870510.966,12.78800011,
2,333500.6132,5870512.164,13.33100033,333491.924,5870515.46,12.81499958,
2,333502.2958,5870517.027,13.34700012,333493.3721,5870520.105,12.83699989,
2,333503.9813,5870521.898,13.34000015,333494.8151,5870524.734,12.86400032,
2,333505.4403,5870526.851,13.40400028,333496.256,5870529.355,12.87300014,
2,333506.6032,5870531.89,13.4119997,333497.6497,5870533.992,12.91399956,
2,333507.7689,5870536.941,13.41300011,333498.4654,5870538.75,12.91100025,
2,333508.8009,5870542.035,13.44200039,333499.2785,5870543.493,12.91300011,
2,333509.3242,5870547.186,13.38099957,333499.8572,5870548.289,12.92199993,
2,333509.8238,5870552.283,13.32499981,333500.2542,5870553.152,12.90699959,
2,333510.2075,5870557.33,13.27700043,333500.6558,5870558.072,12.90299988,
2,333510.5879,5870562.335,13.22299957,333501.0589,5870563.036,12.90100002,
2,333510.9667,5870567.32,13.15799999,333501.451,5870568.02,12.89700031,
2,333511.3453,5870572.3,13.12300014,333501.8435,5870573.009,12.89099979,
2,333511.724,5870577.282,13.06200027,333502.2359,5870577.997,12.88799953,
2,333512.1029,5870582.267,13.0170002,333502.6281,5870582.983,12.88000011,
2,333512.4816,5870587.25,12.97099972,333503.0204,5870587.97,12.86499977,
2,333512.8602,5870592.23,12.92599964,333503.413,5870592.96,12.85400009,
2,333513.2384,5870597.206,12.89299965,333503.8058,5870597.954,12.84799957,
2,333513.6393,5870602.178,12.86100006,333504.1988,5870602.949,12.86100006,
2,333514.0599,5870607.15,12.84500027,333504.5917,5870607.943,12.85499954,
2,333514.4811,5870612.129,12.85299969,333504.9841,5870612.932,12.84899998,
2,333514.9028,5870617.114,12.84799957,333505.376,5870617.913,12.8760004,
2,333515.3251,5870622.105,12.85999966,333505.7675,5870622.889,12.8760004,
2,333515.7353,5870627.101,12.84700012,333506.1586,5870627.862,12.87800026,
2,333516.1123,5870632.098,12.84500027,333506.5499,5870632.835,12.87199974,
2,333516.4889,5870637.091,12.84200001,333506.9412,5870637.813,12.88899994,
2,333516.8651,5870642.079,12.84500027,333507.3263,5870642.796,12.89900017,
2,333517.2412,5870647.065,12.85499954,333507.7115,5870647.781,12.89000034,
2,333517.6173,5870652.05,12.88899994,333508.0968,5870652.767,12.91699982,
2,333517.9933,5870657.036,12.9090004,333508.4821,5870657.752,12.92099953,
2,333518.3694,5870662.021,12.92399979,333508.8673,5870662.738,12.94200039,
2,333518.7455,5870667.007,12.92800045,333509.2526,5870667.723,12.96700001,
2,333519.1215,5870671.992,12.93099976,333509.6379,5870672.709,13.01299953,
2,333519.4975,5870676.977,12.94099998,333510.0232,5870677.695,13.0369997,
2,333519.8769,5870681.961,12.94900036,333510.4085,5870682.682,13.10499954,
2,333520.2579,5870686.945,13,333510.7939,5870687.668,13.14900017,
2,333520.639,5870691.93,12.99699974,333511.1791,5870692.653,13.15799999,
2,333521.0201,5870696.916,13.02299976,333511.5644,5870697.639,13.18200016,
2,333521.4012,5870701.901,13.03800011,333511.9496,5870702.624,13.20400047,
2,333521.7823,5870706.887,13.0369997,333512.3348,5870707.609,13.22500038,
2,333522.1633,5870711.872,13.08300018,333512.7201,5870712.594,13.23900032,
2,333522.5444,5870716.857,13.11100006,333513.1054,5870717.58,13.25599957,
2,333522.9254,5870721.841,13.13199997,333513.4907,5870722.566,13.27999973,
2,333523.3098,5870726.824,13.14799976,333513.8761,5870727.553,13.32199955,
2,333523.6968,5870731.808,13.14099979,333514.2614,5870732.539,13.32699966,
2,333524.084,5870736.792,13.18700027,333514.6496,5870737.525,13.35200024,
2,333524.4713,5870741.779,13.19299984,333515.0466,5870742.508,13.36200047,
2,333524.8589,5870746.77,13.18099976,333515.4432,5870747.486,13.37899971,
2,333525.2473,5870751.771,13.20100021,333515.8391,5870752.454,13.38700008,
2,333525.6364,5870756.779,13.21000004,333516.2341,5870757.412,13.40400028,
2,333526.0237,5870761.767,13.22099972,333516.6298,5870762.379,13.3920002,
2,333526.4119,5870766.649,13.20499992,333517.0313,5870767.418,13.39700031,
2,333526.8006,5870771.313,13.20899963,333517.4463,5870772.628,13.39299965,
2,333527.17,5870775.746,13.2130003,333517.935,5870778.122,13.38000011,
2,333528.5419,5870779.75,13.18500042,333519.1541,5870783.811,13.38899994,
2,333530.4466,5870783.43,13.18500042,333520.8975,5870789.75,13.39400005,
2,333533.2782,5870786.439,13.14599991,333524.6684,5870794.652,13.42199993,
2,333536.2173,5870789.351,13.14299965,333528.7134,5870799.527,13.44499969,
2,333539.8056,5870791.45,13.15100002,333534.2852,5870802.482,13.44799995,
2,333543.6327,5870793.217,13.19299984,333540.3618,5870803.717,13.39700031,
2,333547.9342,5870793.896,13.22799969,333546.138,5870804.292,13.33899975,
2,333552.5103,5870794.535,13.27600002,333551.4497,5870804.663,13.27000046,
2,333557.5699,5870794.793,13.30599976,333556.2159,5870804.995,13.23900032,
2,333563.1771,5870795.078,13.34899998,333560.5078,5870805.295,13.19299984,
2,333568.6892,5870797.236,13.36800003,333564.2327,5870806.717,13.19900036,
2,333573.8008,5870800.302,13.33399963,333568.0253,5870808.18,13.20800018,
2,333577.7822,5870804.519,13.32499981,333571.4397,5870810.734,13.22799969,
2,333581.5009,5870808.602,13.29500008,333574.4875,5870814.051,13.25599957,
2,333584.3565,5870813.08,13.26799965,333576.4212,5870818.43,13.25399971,
2,333587.1186,5870817.412,13.23999977,333578.4033,5870822.89,13.27400017,
2,333589.834,5870821.67,13.21899986,333580.4348,5870827.422,13.3039999,
2,333592.4883,5870825.928,13.23600006,333582.514,5870831.975,13.32999992,
2,333595.0881,5870830.203,13.26399994,333584.6013,5870836.545,13.38000011,
2,333597.6741,5870834.456,13.26299953,333586.7726,5870841.114,13.40499973,
2,333600.2362,5870838.67,13.28499985,333589.3696,5870845.513,13.44900036,
2,333602.7773,5870842.849,13.28899956,333592.0055,5870849.978,13.44999981,
2,333605.6136,5870846.811,13.30099964,333594.6633,5870854.48,13.45499992,
2,333608.5183,5870850.725,13.30799961,333597.328,5870858.994,13.45300007,
2,333611.4262,5870854.644,13.30799961,333600.6716,5870863,13.42199993,
2,333614.3864,5870858.527,13.31599998,333604.0708,5870866.949,13.39700031,
2,333617.6222,5870862.189,13.29800034,333607.4625,5870870.889,13.36299992,
2,333620.8585,5870865.85,13.27299976,333610.8489,5870874.823,13.31499958,
2,333624.0933,5870869.51,13.25699997,333614.2426,5870878.765,13.28800011,
2,333627.4521,5870873.045,13.23999977,333617.8001,5870882.584,13.25199986,
2,333630.9916,5870876.393,13.22299957,333621.6751,5870886.096,13.20800018,
2,333634.5316,5870879.741,13.23799992,333625.5412,5870889.6,13.17500019,
2,333638.115,5870883.059,13.23099995,333629.3959,5870893.093,13.12699986,
2,333641.9196,5870886.149,13.23099995,333633.2315,5870896.569,13.06999969,
2,333645.7413,5870889.253,13.23700047,333637.1815,5870899.847,13.07199955,
2,333649.5793,5870892.371,13.22900009,333641.2,5870902.983,13.02000046,
2,333653.4765,5870895.436,13.21500015,333645.2,5870906.104,13.02299976,
2,333657.432,5870898.445,13.22700024,333649.1838,5870909.212,12.99499989,
2,333661.3984,5870901.462,13.21899986,333653.1488,5870912.306,12.99499989,
2,333665.3741,5870904.487,13.20600033,333657.0974,5870915.387,13.01599979,
2,333669.3546,5870907.515,13.19799995,333661.0378,5870918.461,12.97900009,
2,333673.336,5870910.543,13.16399956,333664.9767,5870921.535,12.96800041,
2,333677.3163,5870913.571,13.17399979,333668.9174,5870924.609,12.98400021,
2,333681.2942,5870916.597,13.16399956,333672.9199,5870927.612,12.99100018,
2,333685.2688,5870919.621,13.1619997,333676.9685,5870930.567,12.98700047,
2,333689.2405,5870922.642,13.15100002,333681.0223,5870933.525,12.98099995,
2,333693.231,5870925.636,13.125,333685.0781,5870936.484,12.99199963,
2,333697.2264,5870928.623,13.12899971,333689.1341,5870939.444,12.99199963,
2,333701.2286,5870931.614,13.1420002,333693.146,5870942.438,13.00699997,
2,333705.2355,5870934.61,13.1079998,333697.0997,5870945.492,13.00899982,
2,333709.24,5870937.603,13.11999989,333701.0576,5870948.549,13.00800037,
2,333713.2447,5870940.597,13.12100029,333705.0151,5870951.606,12.99499989,
